,comment_score,Positive,Negative
0,-279,1.0,0.0
1,-251,0.5,0.5
2,-91,0.5833333333333334,0.9166666666666666
3,26,0.2631274131274131,0.9032818532818533
4,29,0.25514213080656345,0.9043217009475387
5,474,0.2857142857142857,0.9047619047619048
6,964,0.4,1.0
7,1677,0.0,1.0
8,1697,0.0,1.0
9,1806,0.0,1.0
10,2453,0.0,1.0
11,2509,0.0,1.0
12,65,0.2599758162031439,0.9117291414752116
13,191,0.23300970873786409,0.912621359223301
14,418,0.1,1.0
15,541,0.18181818181818182,1.0
16,558,0.21428571428571427,0.8571428571428571
17,1010,0.0,1.0
18,1224,0.0,1.0
19,1258,0.0,1.0
20,1277,0.0,1.0
21,1360,0.0,1.0
22,1840,0.0,1.0
23,2173,1.0,1.0
24,2812,1.0,1.0
25,3061,0.0,1.0
26,3280,1.0,1.0
27,3391,0.0,0.5
28,3806,0.0,1.0
29,-109,0.5,0.5
30,-58,0.3389830508474576,0.7966101694915254
31,222,0.32989690721649484,0.8865979381443299
32,270,0.2033898305084746,0.9152542372881356
33,293,0.16981132075471697,0.9245283018867925
34,730,0.75,0.75
35,938,0.0,1.0
36,1127,0.25,1.0
37,1145,0.0,1.0
38,1371,0.0,1.0
39,1551,0.0,0.0
40,1642,0.0,1.0
41,2581,0.0,0.0
42,8872,0.0,1.0
43,9632,0.0,1.0
44,243,0.2153846153846154,0.9076923076923077
45,278,0.30612244897959184,0.9183673469387755
46,367,0.10256410256410256,0.8717948717948718
47,442,0.3157894736842105,1.0
48,705,0.42857142857142855,0.8571428571428571
49,720,0.3333333333333333,1.0
50,1175,0.0,1.0
51,1202,0.3333333333333333,1.0
52,1532,0.0,1.0
53,1690,0.0,1.0
54,2371,0.0,1.0
55,2598,0.5,1.0
56,2944,0.5,0.5
57,6905,0.0,1.0
58,7303,0.0,1.0
59,-159,1.0,0.5
60,19,0.26041228439209085,0.8973496003365586
61,54,0.24824355971896955,0.8852459016393442
62,296,0.24444444444444444,0.9555555555555556
63,926,0.6666666666666666,1.0
64,965,0.25,0.75
65,1217,0.5,0.5
66,1280,0.0,1.0
67,1447,0.0,1.0
68,1671,0.5,1.0
69,1951,0.0,1.0
70,3081,0.0,1.0
71,4552,0.0,1.0
72,7233,0.0,1.0
73,-193,0.0,1.0
74,0,0.2985596113837486,0.8536716471396291
75,277,0.34782608695652173,0.8913043478260869
76,287,0.2711864406779661,0.9491525423728814
77,348,0.21875,0.9375
78,415,0.3333333333333333,1.0
79,847,0.25,1.0
80,1077,0.5,0.75
81,1336,1.0,1.0
82,1594,0.0,1.0
83,1958,1.0,1.0
84,2940,1.0,1.0
85,6361,0.0,1.0
86,502,0.3333333333333333,0.8888888888888888
87,656,0.0,1.0
88,1055,0.5,0.75
89,1480,0.0,1.0
90,1921,0.3333333333333333,1.0
91,2088,0.0,0.0
92,2244,0.0,1.0
93,2881,0.0,1.0
94,4108,0.0,1.0
95,5126,0.0,1.0
96,7234,0.0,1.0
97,-135,0.25,0.5
98,-118,0.3333333333333333,0.5833333333333334
99,-30,0.42209631728045327,0.8328611898016998
100,-3,0.3243793243793244,0.82995522995523
101,112,0.27759197324414714,0.9531772575250836
102,113,0.24567474048442905,0.9238754325259516
103,155,0.2222222222222222,0.9382716049382716
104,167,0.2,0.9172413793103448
105,299,0.3191489361702128,0.9361702127659575
106,385,0.13513513513513514,0.918918918918919
107,736,0.2,1.0
108,831,0.0,1.0
109,1042,0.0,1.0
110,1599,0.0,1.0
111,1882,0.0,1.0
112,2175,1.0,1.0
113,2364,0.0,1.0
114,2403,0.0,0.0
115,2672,1.0,1.0
116,2878,0.0,1.0
117,7139,0.0,1.0
118,-35,0.3548387096774194,0.8185483870967742
119,237,0.25333333333333335,0.9333333333333333
120,241,0.2441860465116279,0.8953488372093024
121,347,0.23076923076923078,0.9230769230769231
122,564,0.45454545454545453,1.0
123,588,0.5,0.6666666666666666
124,602,0.3333333333333333,1.0
125,857,0.5,1.0
126,1497,0.0,1.0
127,1636,1.0,0.0
128,2660,0.0,1.0
129,-141,0.14285714285714285,0.8571428571428571
130,22,0.2631428571428571,0.9038571428571428
131,198,0.26373626373626374,0.8901098901098901
132,330,0.25,0.9375
133,414,0.3448275862068966,0.9655172413793104
134,530,0.2727272727272727,1.0
135,724,0.2222222222222222,0.8888888888888888
136,1211,0.14285714285714285,1.0
137,1241,0.5,0.5
138,1338,0.0,1.0
139,1526,0.5,1.0
140,1711,1.0,0.0
141,2263,0.0,1.0
142,2317,1.0,0.0
143,2355,1.0,0.0
144,2489,0.0,1.0
145,2612,1.0,1.0
146,2681,0.0,1.0
147,2966,1.0,1.0
148,4235,0.0,1.0
149,-60,0.391304347826087,0.7971014492753623
150,130,0.24899598393574296,0.9196787148594378
151,196,0.2647058823529412,0.9411764705882353
152,427,0.25,1.0
153,486,0.3333333333333333,0.9444444444444444
154,487,0.16666666666666666,0.8888888888888888
155,823,0.0,1.0
156,932,0.0,1.0
157,1050,1.0,1.0
158,1059,0.125,1.0
159,1152,0.3333333333333333,1.0
160,1157,0.0,1.0
161,1374,0.0,1.0
162,1428,1.0,0.0
163,1972,0.0,1.0
164,2282,0.0,1.0
165,2828,0.0,1.0
166,3125,0.0,1.0
167,3821,0.0,1.0
168,7226,0.0,1.0
169,-334,1.0,0.0
170,-209,0.25,0.75
171,-25,0.3737704918032787,0.7918032786885246
172,7,0.26645065275135166,0.8954467531978223
173,77,0.26504065040650404,0.9040650406504065
174,677,0.0,1.0
175,1353,0.3333333333333333,1.0
176,1527,0.0,1.0
177,1873,0.0,1.0
178,2720,1.0,0.0
179,3243,0.0,1.0
180,5446,0.0,1.0
181,5690,0.0,1.0
182,34,0.2595108695652174,0.912703804347826
183,184,0.28695652173913044,0.8956521739130435
184,532,0.38461538461538464,0.6923076923076923
185,635,0.1111111111111111,1.0
186,858,0.16666666666666666,0.8333333333333334
187,1041,0.0,1.0
188,1427,0.0,1.0
189,1529,0.0,0.6666666666666666
190,1540,0.5,1.0
191,1687,1.0,0.0
192,1887,0.0,1.0
193,2577,1.0,1.0
194,8353,0.0,1.0
195,-190,0.6666666666666666,0.3333333333333333
196,-49,0.3944954128440367,0.8532110091743119
197,463,0.19047619047619047,0.9047619047619048
198,551,0.3333333333333333,0.7777777777777778
199,830,0.0,0.6666666666666666
200,853,0.0,1.0
201,939,0.0,1.0
202,1200,0.25,1.0
203,1319,0.5,1.0
204,1329,0.5,1.0
205,1471,0.0,1.0
206,3634,1.0,0.0
207,4147,0.0,1.0
208,5913,0.0,1.0
209,-65,0.34375,0.8125
210,188,0.2358490566037736,0.9056603773584906
211,399,0.2857142857142857,0.8928571428571429
212,693,0.07142857142857142,0.9285714285714286
213,1052,0.0,1.0
214,1199,0.0,1.0
215,1445,0.0,1.0
216,1458,0.3333333333333333,1.0
217,1483,0.2,1.0
218,2643,0.0,1.0
219,2684,0.0,1.0
220,2807,0.0,1.0
221,2942,0.0,1.0
222,3612,1.0,0.0
223,3787,0.0,1.0
224,5142,1.0,1.0
225,8552,0.0,1.0
226,126,0.2987012987012987,0.8787878787878788
227,202,0.21428571428571427,0.9285714285714286
228,228,0.32098765432098764,0.9382716049382716
229,274,0.24561403508771928,0.8771929824561403
230,529,0.3333333333333333,0.8333333333333334
231,844,0.2,1.0
232,889,0.0,1.0
233,1730,0.0,1.0
234,1768,0.0,0.0
235,1988,0.0,1.0
236,2314,0.0,1.0
237,2717,1.0,1.0
238,3284,1.0,1.0
239,5258,0.0,0.0
240,6258,0.0,1.0
241,6521,0.0,1.0
242,-7,0.3384586884031123,0.8203038162282327
243,262,0.30985915492957744,0.9295774647887324
244,325,0.26666666666666666,1.0
245,406,0.1875,0.9375
246,624,0.16666666666666666,0.9166666666666666
247,998,1.0,0.0
248,1567,0.0,1.0
249,1694,0.25,1.0
250,1899,0.0,1.0
251,3636,0.0,1.0
252,3823,0.0,1.0
253,4625,0.0,1.0
254,-95,0.5,0.6666666666666666
255,-90,0.5294117647058824,0.7058823529411765
256,570,0.18181818181818182,1.0
257,691,0.0,1.0
258,734,0.2222222222222222,1.0
259,1415,0.0,1.0
260,1508,0.0,1.0
261,1766,0.0,1.0
262,1776,0.0,1.0
263,1908,0.0,1.0
264,1986,1.0,1.0
265,2308,0.0,1.0
266,2316,0.5,1.0
267,2998,1.0,1.0
268,4358,0.0,1.0
269,6070,0.0,1.0
270,6712,1.0,1.0
271,-107,0.5833333333333334,0.5833333333333334
272,-79,0.3103448275862069,0.7586206896551724
273,50,0.24037089871611983,0.9101283880171184
274,94,0.2642857142857143,0.9238095238095239
275,149,0.2578616352201258,0.9245283018867925
276,421,0.3,0.95
277,1038,0.25,0.75
278,1174,0.0,0.0
279,1816,0.0,1.0
280,1895,0.0,1.0
281,1949,0.5,1.0
282,2162,0.0,1.0
283,2477,0.0,0.0
284,2710,0.0,1.0
285,2772,0.0,1.0
286,3660,0.0,1.0
287,4273,1.0,1.0
288,6719,0.0,1.0
289,-221,0.0,0.0
290,-13,0.37342727730246605,0.8152994464016105
291,264,0.25757575757575757,0.9545454545454546
292,600,0.3333333333333333,0.6666666666666666
293,638,0.375,1.0
294,876,0.25,1.0
295,961,0.6666666666666666,1.0
296,1064,0.4,1.0
297,1110,0.4,0.6
298,1210,0.0,1.0
299,1632,0.5,1.0
300,1789,1.0,1.0
301,2119,1.0,1.0
302,2841,0.0,1.0
303,3849,0.0,1.0
304,4159,0.0,1.0
305,-116,0.2727272727272727,0.5454545454545454
306,229,0.2125,0.95
307,650,0.375,0.875
308,1119,0.0,1.0
309,1185,0.3333333333333333,1.0
310,1212,0.0,1.0
311,1376,0.0,1.0
312,1485,0.4,1.0
313,1559,0.3333333333333333,1.0
314,1930,0.0,1.0
315,1969,0.0,1.0
316,2153,0.5,1.0
317,2196,0.0,1.0
318,3687,0.0,1.0
319,3737,0.0,1.0
320,5658,0.0,1.0
321,110,0.24734982332155478,0.9293286219081273
322,190,0.3263157894736842,0.8842105263157894
323,275,0.47619047619047616,0.9285714285714286
324,343,0.22857142857142856,0.9428571428571428
325,439,0.38095238095238093,0.8095238095238095
326,629,0.14285714285714285,1.0
327,706,0.2857142857142857,0.5714285714285714
328,737,0.08333333333333333,1.0
329,902,0.6666666666666666,0.6666666666666666
330,1967,0.0,1.0
331,2215,0.0,1.0
332,2530,0.6666666666666666,0.6666666666666666
333,3054,1.0,1.0
334,3410,0.5,1.0
335,3796,1.0,1.0
336,5528,0.0,1.0
337,-26,0.4171656686626746,0.7944111776447106
338,57,0.24377224199288255,0.9110320284697508
339,136,0.2634146341463415,0.9024390243902439
340,513,0.5454545454545454,0.8181818181818182
341,828,0.2857142857142857,1.0
342,936,0.0,1.0
343,1213,0.0,1.0
344,1407,0.5,1.0
345,1607,0.0,1.0
346,2377,0.0,1.0
347,2982,1.0,1.0
348,-204,1.0,0.0
349,-172,0.2,0.8
350,-61,0.3698630136986301,0.684931506849315
351,144,0.3081761006289308,0.9308176100628931
352,388,0.13793103448275862,0.9655172413793104
353,412,0.2,0.9142857142857143
354,417,0.19047619047619047,0.9523809523809523
355,963,0.0,1.0
356,1571,0.0,1.0
357,1710,1.0,1.0
358,1911,0.0,1.0
359,2041,1.0,1.0
360,2526,0.0,1.0
361,2623,0.0,1.0
362,4229,0.0,1.0
363,4319,0.0,1.0
364,4802,0.0,1.0
365,5046,1.0,0.0
366,5104,0.0,1.0
367,9253,1.0,1.0
368,14019,1.0,1.0
369,909,0.75,0.75
370,1025,0.3333333333333333,1.0
371,1219,0.5,1.0
372,1240,0.0,1.0
373,1256,0.25,1.0
374,1283,0.0,0.6666666666666666
375,1549,0.5,1.0
376,1771,1.0,1.0
377,2212,0.0,1.0
378,2235,1.0,1.0
379,2939,0.0,1.0
380,3210,1.0,1.0
381,3405,0.0,1.0
382,4167,0.0,1.0
383,-41,0.38064516129032255,0.8193548387096774
384,32,0.25440806045340053,0.9074307304785895
385,43,0.26412049488972567,0.8972565895642819
386,420,0.2692307692307692,0.8461538461538461
387,555,0.38461538461538464,0.8461538461538461
388,696,0.45454545454545453,1.0
389,752,0.2222222222222222,0.8888888888888888
390,1051,0.5,0.5
391,1073,0.5,0.5
392,1089,0.0,1.0
393,1108,0.5,0.75
394,1128,0.0,1.0
395,1134,0.3333333333333333,1.0
396,2077,0.0,1.0
397,2112,1.0,1.0
398,2667,0.0,1.0
399,3863,0.0,1.0
400,7271,0.0,1.0
401,-391,0.0,0.0
402,84,0.2730560578661845,0.891500904159132
403,378,0.3125,0.84375
404,1233,0.5,1.0
405,2012,0.0,1.0
406,2821,0.0,1.0
407,2995,0.0,0.0
408,4487,1.0,1.0
409,5305,0.0,1.0
410,5891,0.0,1.0
411,-154,0.4,1.0
412,212,0.23076923076923078,0.9230769230769231
413,766,0.42857142857142855,0.7142857142857143
414,779,0.0,1.0
415,970,0.0,1.0
416,1362,0.0,1.0
417,3067,1.0,1.0
418,3828,0.0,1.0
419,4128,0.0,1.0
420,7689,1.0,1.0
421,-108,0.5,0.8333333333333334
422,31,0.26717557251908397,0.904156064461408
423,376,0.19230769230769232,0.9230769230769231
424,516,0.3125,1.0
425,662,0.1,1.0
426,958,0.0,1.0
427,1361,0.0,1.0
428,1434,0.3333333333333333,1.0
429,1722,0.0,1.0
430,1811,1.0,1.0
431,1991,0.0,1.0
432,2894,1.0,1.0
433,4069,0.0,1.0
434,-111,0.3,0.5
435,119,0.24253731343283583,0.8992537313432836
436,395,0.16,0.88
437,768,0.25,1.0
438,974,0.3333333333333333,0.6666666666666666
439,2130,1.0,1.0
440,2137,0.0,1.0
441,3731,0.0,1.0
442,4831,0.0,1.0
443,5221,0.0,1.0
444,5505,0.0,1.0
445,7842,0.0,1.0
446,-145,0.6666666666666666,0.6666666666666666
447,326,0.2926829268292683,0.9024390243902439
448,386,0.3157894736842105,0.8157894736842105
449,450,0.2857142857142857,0.8571428571428571
450,595,0.3,1.0
451,596,0.3076923076923077,0.9230769230769231
452,894,0.0,1.0
453,1069,0.0,1.0
454,1444,0.5,0.75
455,1513,0.0,1.0
456,2923,0.0,1.0
457,4860,1.0,1.0
458,6637,0.0,1.0
459,-337,1.0,1.0
460,-50,0.4806201550387597,0.751937984496124
461,39,0.2693156732891832,0.9050772626931567
462,98,0.2949061662198391,0.9168900804289544
463,187,0.2803738317757009,0.9252336448598131
464,496,0.23529411764705882,0.9411764705882353
465,561,0.17647058823529413,0.8235294117647058
466,845,0.0,1.0
467,1297,0.0,1.0
468,1733,0.0,1.0
469,1918,0.3333333333333333,1.0
470,3974,0.0,1.0
471,4296,0.0,1.0
472,-168,1.0,1.0
473,201,0.20833333333333334,0.9479166666666666
474,232,0.15,0.9625
475,402,0.2857142857142857,0.9285714285714286
476,990,0.0,1.0
477,1141,0.0,1.0
478,1252,0.3333333333333333,1.0
479,1975,0.0,1.0
480,2022,0.0,1.0
481,2185,0.0,1.0
482,773,0.5555555555555556,0.8888888888888888
483,962,0.2,1.0
484,966,0.0,1.0
485,1269,0.0,1.0
486,1282,0.3333333333333333,1.0
487,1612,0.5,1.0
488,1624,0.0,1.0
489,1639,0.0,1.0
490,3246,0.0,1.0
491,5757,0.0,1.0
492,203,0.21052631578947367,0.8526315789473684
493,700,0.14285714285714285,0.7142857142857143
494,1482,0.0,0.6666666666666666
495,1850,0.0,1.0
496,1891,0.0,1.0
497,2348,0.0,1.0
498,2527,0.0,1.0
499,2922,0.0,1.0
500,3110,0.0,1.0
501,3114,0.0,1.0
502,3575,1.0,1.0
503,11223,0.0,1.0
504,-158,0.0,0.6666666666666666
505,116,0.2426470588235294,0.9301470588235294
506,145,0.27860696517412936,0.9054726368159204
507,488,0.19047619047619047,0.8571428571428571
508,1530,0.0,1.0
509,1942,0.0,1.0
510,2168,0.0,1.0
511,2247,0.0,1.0
512,3183,0.0,1.0
513,5070,1.0,1.0
514,6349,0.0,1.0
515,-330,0.5,1.0
516,-295,1.0,0.0
517,-246,1.0,0.0
518,-235,0.0,1.0
519,-98,0.5,0.7857142857142857
520,25,0.2642152466367713,0.9029596412556053
521,814,0.3,0.9
522,880,0.125,0.75
523,1099,1.0,1.0
524,1312,0.0,1.0
525,1472,0.25,1.0
526,1757,0.0,1.0
527,1893,0.0,1.0
528,2016,0.0,1.0
529,3275,0.0,0.0
530,948,0.0,1.0
531,1021,0.2,1.0
532,1452,0.0,1.0
533,1805,0.0,1.0
534,2043,0.0,0.0
535,3827,0.5,1.0
536,-195,1.0,1.0
537,157,0.2328767123287671,0.9178082191780822
538,1048,0.0,0.8333333333333334
539,1347,0.0,0.6666666666666666
540,1897,0.0,1.0
541,3474,0.0,0.0
542,5758,0.0,1.0
543,5940,1.0,1.0
544,8436,0.0,1.0
545,-101,0.4,0.8666666666666667
546,-15,0.3874680306905371,0.8024296675191815
547,124,0.27983539094650206,0.8765432098765432
548,181,0.2692307692307692,0.8942307692307693
549,363,0.16129032258064516,0.8387096774193549
550,586,0.23076923076923078,0.7692307692307693
551,843,0.42857142857142855,1.0
552,1135,0.0,1.0
553,1149,0.0,1.0
554,1323,0.2,1.0
555,1368,0.5,0.5
556,1441,1.0,1.0
557,1535,0.2,1.0
558,1592,1.0,1.0
559,1712,0.5,1.0
560,2097,0.0,1.0
561,2384,0.0,1.0
562,-112,0.6363636363636364,0.5454545454545454
563,-88,0.42105263157894735,0.7368421052631579
564,686,0.3333333333333333,1.0
565,852,0.16666666666666666,1.0
566,1016,0.3333333333333333,1.0
567,1238,0.0,1.0
568,1737,0.0,1.0
569,1935,0.0,1.0
570,2715,0.0,1.0
571,4494,0.0,0.0
572,7070,1.0,1.0
573,9446,0.0,1.0
574,-149,0.5,0.5
575,-71,0.42105263157894735,0.8947368421052632
576,95,0.2562814070351759,0.907035175879397
577,227,0.2638888888888889,0.9583333333333334
578,268,0.2727272727272727,0.8363636363636363
579,562,0.16666666666666666,0.9166666666666666
580,589,0.3333333333333333,0.9166666666666666
581,699,0.16666666666666666,1.0
582,925,0.4,0.8
583,1246,0.0,1.0
584,1553,0.0,1.0
585,2297,0.0,1.0
586,-227,1.0,1.0
587,-202,0.6666666666666666,0.3333333333333333
588,369,0.20588235294117646,0.9117647058823529
589,413,0.32142857142857145,0.9285714285714286
590,455,0.5714285714285714,0.9285714285714286
591,760,0.2,0.8
592,820,0.0,1.0
593,912,0.0,1.0
594,915,0.0,0.75
595,1721,0.0,1.0
596,2522,0.0,1.0
597,3569,0.0,1.0
598,4024,0.0,1.0
599,71,0.20883534136546184,0.9370816599732262
600,143,0.33653846153846156,0.9038461538461539
601,370,0.22727272727272727,0.7727272727272727
602,621,0.25,1.0
603,642,0.08333333333333333,1.0
604,703,0.5,1.0
605,704,0.5,0.875
606,790,0.0,1.0
607,1274,0.5,1.0
608,1902,0.6666666666666666,0.6666666666666666
609,1960,0.0,1.0
610,3545,0.0,1.0
611,3884,0.0,1.0
612,4651,0.0,1.0
613,6457,0.0,1.0
614,-45,0.3618421052631579,0.7828947368421053
615,161,0.22727272727272727,0.9285714285714286
616,193,0.28865979381443296,0.9484536082474226
617,365,0.34375,0.90625
618,443,0.0625,0.9375
619,1191,0.0,0.6666666666666666
620,1429,0.0,1.0
621,1669,0.0,1.0
622,1934,1.0,1.0
623,2101,0.0,1.0
624,2649,0.0,1.0
625,2869,0.0,1.0
626,3513,0.0,1.0
627,3534,0.0,1.0
628,5211,0.0,1.0
629,5961,0.0,1.0
630,6,0.2637089618456078,0.895829636202307
631,68,0.24932975871313673,0.9276139410187667
632,342,0.22857142857142856,0.9142857142857143
633,466,0.34782608695652173,0.9565217391304348
634,713,0.3333333333333333,0.8888888888888888
635,1012,0.3333333333333333,1.0
636,1242,0.6,1.0
637,1520,0.0,1.0
638,2498,0.5,1.0
639,3217,1.0,1.0
640,4456,0.0,1.0
641,-265,0.6666666666666666,1.0
642,72,0.23520485584218512,0.9165402124430956
643,87,0.2717842323651452,0.9107883817427386
644,215,0.27848101265822783,0.8987341772151899
645,756,0.2857142857142857,0.8571428571428571
646,1608,0.0,1.0
647,1786,0.0,1.0
648,2027,0.0,1.0
649,2616,1.0,1.0
650,3328,0.0,1.0
651,3510,0.0,1.0
652,3580,0.0,1.0
653,7175,1.0,1.0
654,-181,0.2,0.8
655,-133,0.0,1.0
656,-119,0.3,0.4
657,58,0.2740112994350282,0.9171374764595104
658,255,0.14492753623188406,0.9130434782608695
659,258,0.18032786885245902,0.9508196721311475
660,320,0.27586206896551724,0.9655172413793104
661,665,0.18181818181818182,1.0
662,854,0.0,0.6666666666666666
663,883,0.5,0.8333333333333334
664,1098,0.0,1.0
665,1259,0.0,1.0
666,1665,1.0,0.0
667,1773,0.0,1.0
668,2207,0.0,1.0
669,3345,0.0,1.0
670,4058,0.0,0.0
671,4088,0.0,1.0
672,4747,0.0,1.0
673,8725,0.0,1.0
674,-104,0.4117647058823529,0.7647058823529411
675,107,0.2467948717948718,0.9326923076923077
676,221,0.2564102564102564,0.9615384615384616
677,266,0.2463768115942029,0.9420289855072463
678,271,0.2857142857142857,0.9523809523809523
679,424,0.09523809523809523,1.0
680,882,0.4,1.0
681,997,0.4,0.8
682,1124,0.2222222222222222,0.7777777777777778
683,1150,0.3333333333333333,1.0
684,1769,0.0,1.0
685,1817,1.0,1.0
686,1862,0.0,1.0
687,2164,0.0,1.0
688,3094,0.5,1.0
689,3608,0.0,1.0
690,3733,0.0,1.0
691,3886,0.0,1.0
692,6042,1.0,1.0
693,6066,0.0,1.0
694,-96,0.5625,0.8125
695,9,0.2612599892694773,0.8957727388247254
696,316,0.23076923076923078,0.8974358974358975
697,407,0.26666666666666666,0.9333333333333333
698,554,0.15789473684210525,0.9473684210526315
699,744,0.0,1.0
700,789,0.375,1.0
701,897,0.2,1.0
702,920,0.375,0.875
703,968,1.0,1.0
704,1476,0.0,1.0
705,1675,0.0,1.0
706,2191,0.0,1.0
707,3174,1.0,1.0
708,5403,0.0,1.0
709,-24,0.3656462585034014,0.7925170068027211
710,27,0.2593642437740433,0.9015995140716744
711,63,0.23819742489270387,0.9163090128755365
712,158,0.30344827586206896,0.9103448275862069
713,389,0.2777777777777778,0.8888888888888888
714,397,0.20833333333333334,0.9166666666666666
715,447,0.22727272727272727,0.8181818181818182
716,754,0.0,1.0
717,796,0.1111111111111111,1.0
718,856,0.5555555555555556,0.8888888888888888
719,933,0.2857142857142857,1.0
720,959,0.0,1.0
721,1531,0.25,1.0
722,1570,0.0,1.0
723,1623,0.5,1.0
724,1693,0.0,1.0
725,2172,0.0,1.0
726,2255,0.0,1.0
727,2281,1.0,1.0
728,2760,0.0,1.0
729,3857,1.0,1.0
730,5056,0.0,1.0
731,5302,0.0,1.0
732,-169,0.0,0.0
733,51,0.27662616154395997,0.9027877055039314
734,56,0.262580054894785,0.9130832570905764
735,2287,1.0,1.0
736,2864,1.0,1.0
737,3261,0.0,1.0
738,4671,1.0,1.0
739,7242,0.0,1.0
740,9392,0.0,1.0
741,11021,0.0,1.0
742,178,0.24060150375939848,0.8796992481203008
743,353,0.1875,0.96875
744,702,0.4,1.0
745,1164,0.0,1.0
746,1739,0.0,1.0
747,2444,0.0,1.0
748,4076,0.0,1.0
749,6709,0.0,1.0
750,7711,0.0,1.0
751,-198,1.0,0.0
752,-136,0.25,1.0
753,234,0.2972972972972973,0.9324324324324325
754,239,0.22388059701492538,0.8656716417910447
755,341,0.23684210526315788,0.9473684210526315
756,610,0.4166666666666667,1.0
757,891,0.1111111111111111,0.8888888888888888
758,1437,1.0,0.0
759,3502,1.0,1.0
760,3905,1.0,1.0
761,150,0.3028571428571429,0.9085714285714286
762,279,0.2978723404255319,0.8936170212765957
763,574,0.3333333333333333,1.0
764,1426,0.0,1.0
765,1800,0.0,1.0
766,-290,1.0,0.0
767,52,0.2791411042944785,0.9072085889570553
768,146,0.31952662721893493,0.9112426035502958
769,346,0.2413793103448276,0.8620689655172413
770,546,0.1875,0.9375
771,608,0.4166666666666667,1.0
772,694,0.2857142857142857,1.0
773,1263,0.0,1.0
774,1307,0.2857142857142857,1.0
775,1328,0.0,1.0
776,1762,0.5,1.0
777,1849,0.0,1.0
778,2066,0.0,1.0
779,2219,0.0,1.0
780,2714,0.0,1.0
781,3838,0.0,1.0
782,3961,0.0,1.0
783,5073,0.0,1.0
784,10036,0.0,1.0
785,-77,0.47058823529411764,0.7941176470588235
786,-47,0.4748201438848921,0.7769784172661871
787,446,0.16666666666666666,0.8888888888888888
788,459,0.3333333333333333,0.9166666666666666
789,577,0.0,0.8888888888888888
790,585,0.3076923076923077,0.8461538461538461
791,861,0.0,1.0
792,1046,0.3333333333333333,1.0
793,1103,0.0,0.8
794,1236,0.5,1.0
795,1253,0.0,1.0
796,2140,0.0,1.0
797,3387,0.0,1.0
798,4316,0.0,1.0
799,4716,0.0,1.0
800,6889,0.0,1.0
801,174,0.21008403361344538,0.9495798319327731
802,712,0.3333333333333333,1.0
803,825,0.6,1.0
804,946,0.25,1.0
805,1641,0.0,1.0
806,2412,0.0,1.0
807,3951,0.5,1.0
808,-121,0.4444444444444444,0.7777777777777778
809,-86,0.2727272727272727,0.9090909090909091
810,-82,0.5,0.7666666666666667
811,17,0.2636717062634989,0.8976241900647948
812,79,0.2583201267828843,0.919175911251981
813,170,0.2773722627737226,0.9124087591240876
814,209,0.26744186046511625,0.9534883720930233
815,661,0.4,1.0
816,1060,0.0,1.0
817,1346,0.0,1.0
818,1453,0.0,1.0
819,-36,0.39908256880733944,0.7935779816513762
820,103,0.24929178470254956,0.9235127478753541
821,236,0.2676056338028169,0.9154929577464789
822,253,0.13559322033898305,0.9322033898305084
823,675,0.5,0.875
824,738,0.14285714285714285,1.0
825,989,0.0,1.0
826,1116,0.0,1.0
827,1484,0.0,1.0
828,1896,0.0,1.0
829,2180,0.5,1.0
830,2338,0.0,1.0
831,3251,0.0,1.0
832,3501,0.0,1.0
833,-320,1.0,0.0
834,-16,0.38009049773755654,0.8099547511312217
835,276,0.27906976744186046,0.9534883720930233
836,509,0.0,0.8571428571428571
837,592,0.26666666666666666,1.0
838,1250,0.0,1.0
839,1287,0.0,1.0
840,1334,0.0,1.0
841,2572,0.0,1.0
842,2755,0.0,1.0
843,3409,0.5,1.0
844,3756,0.0,1.0
845,7706,0.0,1.0
846,-178,0.0,1.0
847,-170,1.0,1.0
848,-55,0.4864864864864865,0.7567567567567568
849,139,0.2889908256880734,0.908256880733945
850,246,0.31343283582089554,0.9552238805970149
851,1190,0.0,1.0
852,1196,0.0,1.0
853,1770,0.0,1.0
854,1781,0.0,1.0
855,1888,0.0,0.5
856,1999,0.0,1.0
857,2165,0.0,1.0
858,2803,0.0,1.0
859,2865,0.0,1.0
860,3548,0.0,1.0
861,226,0.2676056338028169,0.8873239436619719
862,242,0.29411764705882354,0.9411764705882353
863,430,0.2,1.0
864,453,0.3157894736842105,0.9473684210526315
865,726,0.3333333333333333,0.6666666666666666
866,817,0.25,1.0
867,977,0.5,1.0
868,1009,0.0,1.0
869,1121,0.0,1.0
870,1230,0.0,0.6666666666666666
871,1997,0.0,1.0
872,3700,0.0,1.0
873,6147,1.0,0.0
874,13134,1.0,1.0
875,-276,0.0,0.0
876,-162,0.0,1.0
877,41,0.25597426470588236,0.8998161764705882
878,499,0.3076923076923077,0.6923076923076923
879,907,0.25,1.0
880,1085,0.0,1.0
881,1114,0.3333333333333333,0.6666666666666666
882,1273,0.25,0.75
883,1473,0.5,1.0
884,1574,0.0,1.0
885,1689,0.0,1.0
886,1695,0.0,1.0
887,1783,0.5,1.0
888,2051,0.0,1.0
889,3139,0.0,1.0
890,3953,0.0,1.0
891,8170,0.0,1.0
892,-183,0.0,0.6666666666666666
893,-164,0.0,1.0
894,28,0.26153846153846155,0.9108974358974359
895,33,0.2732919254658385,0.901656314699793
896,88,0.2410358565737052,0.9063745019920318
897,208,0.2222222222222222,0.9629629629629629
898,248,0.25,0.9230769230769231
899,257,0.26666666666666666,0.8666666666666667
900,384,0.2608695652173913,0.9565217391304348
901,405,0.3888888888888889,0.8888888888888888
902,519,0.14285714285714285,1.0
903,1595,0.0,1.0
904,1673,1.0,0.0
905,2460,0.0,1.0
906,2563,0.0,1.0
907,3163,0.0,1.0
908,4148,0.0,1.0
909,-200,1.0,1.0
910,138,0.20441988950276244,0.9060773480662984
911,207,0.26373626373626374,0.967032967032967
912,498,0.23076923076923078,1.0
913,511,0.16666666666666666,0.9166666666666666
914,637,0.625,1.0
915,671,0.0,1.0
916,866,0.0,1.0
917,1321,0.5,1.0
918,1576,0.5,1.0
919,2318,1.0,1.0
920,2824,0.0,1.0
921,3309,0.0,1.0
922,4772,0.0,1.0
923,4914,0.0,1.0
924,6164,0.0,1.0
925,-115,0.125,0.75
926,235,0.35294117647058826,0.8823529411764706
927,304,0.3409090909090909,0.9318181818181818
928,307,0.3469387755102041,0.9387755102040817
929,462,0.3181818181818182,0.8636363636363636
930,649,0.14285714285714285,0.8571428571428571
931,769,0.0,1.0
932,813,0.0,1.0
933,833,0.5,0.8333333333333334
934,865,0.5,0.5
935,1100,0.0,1.0
936,1206,0.0,1.0
937,1948,0.0,1.0
938,3446,0.0,1.0
939,3887,0.0,1.0
940,-123,0.4,0.2
941,-18,0.34849863512283896,0.7989080982711556
942,114,0.25,0.8928571428571429
943,434,0.2857142857142857,0.9285714285714286
944,599,0.36363636363636365,0.9090909090909091
945,646,0.5555555555555556,0.7777777777777778
946,678,0.3,1.0
947,714,0.0,1.0
948,742,0.25,0.875
949,928,0.4,1.0
950,1425,0.5,0.5
951,1474,0.0,1.0
952,1625,0.0,0.0
953,2234,1.0,1.0
954,4218,0.0,1.0
955,5755,1.0,1.0
956,5,0.2639152193111569,0.8960612304974978
957,794,0.0,1.0
958,900,0.6666666666666666,1.0
959,1083,0.25,1.0
960,1331,0.3333333333333333,0.6666666666666666
961,1363,0.25,0.5
962,1597,0.0,1.0
963,1884,1.0,1.0
964,2383,0.0,1.0
965,2582,0.0,1.0
966,3247,0.0,1.0
967,3498,0.0,1.0
968,-371,1.0,0.0
969,-110,0.3333333333333333,0.7333333333333333
970,1,0.3707102619657278,0.8730888319873942
971,319,0.26666666666666666,0.9111111111111111
972,404,0.2608695652173913,0.8260869565217391
973,539,0.15384615384615385,0.8461538461538461
974,896,0.2,0.8
975,901,0.4,1.0
976,1040,0.25,1.0
977,1071,0.4,1.0
978,1118,0.5,1.0
979,1583,0.0,1.0
980,1909,0.0,1.0
981,2242,0.0,1.0
982,2628,0.0,1.0
983,2876,0.0,1.0
984,3235,0.0,1.0
985,3412,1.0,1.0
986,4722,0.0,1.0
987,5559,0.0,1.0
988,7381,0.5,1.0
989,-19,0.3659531090723751,0.7889908256880734
990,115,0.22924901185770752,0.9288537549407114
991,153,0.28313253012048195,0.9156626506024096
992,718,0.36363636363636365,0.9090909090909091
993,1074,0.75,0.75
994,1562,0.0,1.0
995,2619,1.0,1.0
996,2925,0.0,1.0
997,3361,0.0,1.0
998,3641,0.0,1.0
999,3984,0.0,1.0
1000,-147,0.5,0.75
1001,-27,0.364,0.838
1002,96,0.2420091324200913,0.8949771689497716
1003,250,0.25675675675675674,0.8918918918918919
1004,377,0.07142857142857142,0.9642857142857143
1005,743,0.0,1.0
1006,859,0.16666666666666666,0.8333333333333334
1007,929,0.0,1.0
1008,1132,0.0,1.0
1009,1136,0.0,1.0
1010,1163,0.5,1.0
1011,1218,0.3333333333333333,1.0
1012,1257,0.0,1.0
1013,1609,0.0,1.0
1014,1685,0.0,1.0
1015,1787,0.5,1.0
1016,2492,0.0,1.0
1017,2637,0.0,1.0
1018,3121,0.0,1.0
1019,3143,0.0,1.0
1020,3259,0.0,1.0
1021,10968,0.0,1.0
1022,-2,0.32476241229238834,0.8368416378008704
1023,328,0.2777777777777778,0.9166666666666666
1024,849,0.0,0.875
1025,890,0.4,1.0
1026,1115,0.5,1.0
1027,1126,0.3333333333333333,0.6666666666666666
1028,1130,0.0,1.0
1029,1446,0.0,1.0
1030,1534,0.25,1.0
1031,1726,0.0,1.0
1032,1790,0.25,1.0
1033,2390,0.0,1.0
1034,2396,0.0,1.0
1035,2747,0.0,1.0
1036,-173,1.0,1.0
1037,-146,0.5,0.5
1038,185,0.25,0.921875
1039,349,0.21052631578947367,0.9210526315789473
1040,375,0.25806451612903225,0.967741935483871
1041,632,0.16666666666666666,1.0
1042,1054,0.5,1.0
1043,2228,1.0,1.0
1044,2366,0.0,1.0
1045,2699,0.5,1.0
1046,3060,0.0,1.0
1047,3130,0.0,1.0
1048,104,0.21468926553672316,0.9180790960451978
1049,219,0.25316455696202533,0.8860759493670886
1050,368,0.3181818181818182,0.8181818181818182
1051,515,0.17647058823529413,0.9411764705882353
1052,623,0.4166666666666667,1.0
1053,834,0.6666666666666666,1.0
1054,944,0.0,1.0
1055,978,0.0,1.0
1056,1075,0.0,1.0
1057,1151,0.5,1.0
1058,1232,0.0,1.0
1059,1388,0.5,1.0
1060,1436,0.3333333333333333,1.0
1061,1894,1.0,1.0
1062,2296,0.0,1.0
1063,3234,0.0,1.0
1064,11390,1.0,1.0
1065,-151,0.0,0.5
1066,214,0.2054794520547945,0.9863013698630136
1067,449,0.3333333333333333,0.8571428571428571
1068,461,0.4117647058823529,0.9411764705882353
1069,538,0.25,1.0
1070,719,0.0,1.0
1071,1024,0.25,1.0
1072,1478,0.0,1.0
1073,1493,0.0,1.0
1074,2231,0.5,1.0
1075,2855,0.0,1.0
1076,3769,0.0,1.0
1077,5093,0.0,1.0
1078,5472,0.0,0.0
1079,7053,0.0,1.0
1080,-163,0.0,0.6666666666666666
1081,252,0.2465753424657534,0.863013698630137
1082,419,0.19230769230769232,0.9230769230769231
1083,556,0.18181818181818182,0.9090909090909091
1084,593,0.2727272727272727,0.9090909090909091
1085,816,0.2,1.0
1086,818,0.0,0.8333333333333334
1087,874,0.4,0.8
1088,1208,0.0,1.0
1089,1266,0.0,1.0
1090,1373,0.0,1.0
1091,1475,0.0,1.0
1092,1647,0.0,1.0
1093,1696,0.0,1.0
1094,2382,0.5,1.0
1095,3449,0.0,1.0
1096,4667,0.0,0.0
1097,6154,0.0,1.0
1098,11711,0.0,1.0
1099,-97,0.5555555555555556,0.7222222222222222
1100,10,0.26360342667524467,0.8990282057359564
1101,120,0.21428571428571427,0.8984962406015038
1102,423,0.35,1.0
1103,485,0.0625,1.0
1104,500,0.2777777777777778,0.8888888888888888
1105,748,0.16666666666666666,0.8333333333333334
1106,806,0.125,1.0
1107,836,0.5,1.0
1108,945,0.5,0.75
1109,1037,0.0,1.0
1110,1087,0.0,1.0
1111,1278,0.0,1.0
1112,1433,0.5,0.75
1113,3019,0.0,0.0
1114,3936,1.0,1.0
1115,6450,0.0,1.0
1116,-131,0.6666666666666666,0.6666666666666666
1117,89,0.27213822894168466,0.9028077753779697
1118,521,0.3076923076923077,1.0
1119,550,0.17647058823529413,1.0
1120,1666,0.0,1.0
1121,1706,0.0,1.0
1122,2830,0.0,1.0
1123,2831,1.0,1.0
1124,3349,0.0,1.0
1125,4262,0.0,1.0
1126,5072,0.0,1.0
1127,361,0.4444444444444444,0.8148148148148148
1128,644,0.25,1.0
1129,1045,0.0,1.0
1130,2357,0.0,1.0
1131,364,0.3225806451612903,0.9354838709677419
1132,452,0.23809523809523808,0.8571428571428571
1133,501,0.15384615384615385,1.0
1134,537,0.13636363636363635,1.0
1135,870,1.0,1.0
1136,1487,0.0,1.0
1137,1588,0.3333333333333333,1.0
1138,1779,0.0,1.0
1139,2646,0.0,1.0
1140,2662,0.0,1.0
1141,-140,0.6666666666666666,0.6666666666666666
1142,356,0.09375,0.84375
1143,403,0.19047619047619047,0.9047619047619048
1144,490,0.18181818181818182,0.9090909090909091
1145,741,0.2727272727272727,0.9090909090909091
1146,784,0.4,1.0
1147,871,0.2,1.0
1148,923,0.0,1.0
1149,975,0.5,1.0
1150,1000,0.2,1.0
1151,1066,0.0,1.0
1152,1381,0.0,1.0
1153,1517,0.5,1.0
1154,1822,0.5,1.0
1155,1944,0.0,1.0
1156,2010,0.0,1.0
1157,2036,1.0,1.0
1158,2286,0.0,1.0
1159,2840,0.0,1.0
1160,3567,0.0,1.0
1161,3784,0.0,1.0
1162,5309,0.0,1.0
1163,-177,0.0,0.5
1164,128,0.2912621359223301,0.941747572815534
1165,197,0.2755102040816326,0.9285714285714286
1166,464,0.125,0.9375
1167,497,0.3125,0.9375
1168,697,0.2,1.0
1169,838,0.4,1.0
1170,911,0.5,1.0
1171,1112,0.5,1.0
1172,1239,0.4,1.0
1173,1322,0.0,1.0
1174,1512,0.0,1.0
1175,1744,0.0,1.0
1176,1808,0.0,1.0
1177,1926,0.0,0.5
1178,2663,1.0,1.0
1179,2670,0.0,1.0
1180,2970,0.0,1.0
1181,3493,0.5,1.0
1182,4029,0.0,0.0
1183,4356,1.0,1.0
1184,6747,0.0,1.0
1185,85,0.24236641221374045,0.9083969465648855
1186,106,0.2658959537572254,0.9046242774566474
1187,111,0.30407523510971785,0.8746081504702194
1188,332,0.2553191489361702,0.9361702127659575
1189,575,0.16666666666666666,1.0
1190,735,0.18181818181818182,0.8181818181818182
1191,815,0.25,1.0
1192,867,0.0,1.0
1193,1228,0.6666666666666666,1.0
1194,1310,1.0,1.0
1195,1456,0.0,1.0
1196,1556,1.0,1.0
1197,1947,0.0,0.5
1198,2222,0.0,1.0
1199,2367,1.0,1.0
1200,2625,1.0,1.0
1201,2805,0.0,1.0
1202,2808,1.0,1.0
1203,3729,0.0,1.0
1204,8362,0.0,1.0
1205,-124,0.8,0.4
1206,-84,0.3333333333333333,0.7222222222222222
1207,-28,0.39408866995073893,0.7857142857142857
1208,301,0.3076923076923077,0.9423076923076923
1209,411,0.07692307692307693,0.8846153846153846
1210,548,0.4,1.0
1211,903,0.3333333333333333,0.8333333333333334
1212,1804,0.0,1.0
1213,1809,0.0,1.0
1214,4966,0.0,1.0
1215,5886,0.0,1.0
1216,177,0.319672131147541,0.8852459016393442
1217,1231,0.0,1.0
1218,1435,0.0,1.0
1219,1643,0.0,1.0
1220,1734,0.0,1.0
1221,2484,0.0,0.0
1222,2789,0.0,1.0
1223,5807,0.0,0.0
1224,-81,0.3448275862068966,0.7586206896551724
1225,-17,0.3719563392107473,0.8144416456759026
1226,460,0.2727272727272727,0.9090909090909091
1227,797,0.5,0.6666666666666666
1228,950,0.0,1.0
1229,1558,1.0,1.0
1230,1764,0.0,1.0
1231,1832,0.0,1.0
1232,1879,0.0,1.0
1233,2006,0.0,1.0
1234,2090,0.0,1.0
1235,2298,0.0,1.0
1236,3070,1.0,1.0
1237,3152,0.0,0.6666666666666666
1238,3421,0.0,1.0
1239,3428,0.0,0.0
1240,4956,0.0,0.0
1241,6841,0.0,1.0
1242,9118,0.0,1.0
1243,-160,1.0,0.3333333333333333
1244,-46,0.48905109489051096,0.781021897810219
1245,179,0.24427480916030533,0.9389312977099237
1246,306,0.2777777777777778,1.0
1247,441,0.23076923076923078,0.9230769230769231
1248,448,0.11764705882352941,0.9411764705882353
1249,557,0.2857142857142857,0.9285714285714286
1250,563,0.25,1.0
1251,659,0.2,1.0
1252,1023,0.0,1.0
1253,1237,0.0,1.0
1254,1251,0.0,0.0
1255,1424,0.0,1.0
1256,1651,0.5,1.0
1257,2163,0.0,1.0
1258,2253,0.0,1.0
1259,4249,1.0,0.0
1260,5146,0.0,1.0
1261,5840,0.0,1.0
1262,7296,1.0,1.0
1263,7468,0.0,1.0
1264,48,0.24635761589403973,0.9218543046357616
1265,67,0.26272189349112424,0.9136094674556213
1266,224,0.2602739726027397,0.9178082191780822
1267,517,0.26666666666666666,0.8
1268,673,0.25,1.0
1269,755,0.2857142857142857,1.0
1270,953,0.0,1.0
1271,1920,1.0,1.0
1272,2256,0.0,1.0
1273,2315,0.0,1.0
1274,3115,0.0,1.0
1275,142,0.18181818181818182,0.9191919191919192
1276,168,0.25,0.9121621621621622
1277,254,0.2537313432835821,0.8507462686567164
1278,324,0.23404255319148937,0.9148936170212766
1279,481,0.42105263157894735,0.8421052631578947
1280,749,0.75,1.0
1281,761,0.16666666666666666,0.75
1282,927,0.25,1.0
1283,1187,0.3333333333333333,0.8333333333333334
1284,1295,1.0,1.0
1285,1314,1.0,1.0
1286,1400,0.5,1.0
1287,2205,1.0,1.0
1288,2559,0.5,1.0
1289,5679,0.0,1.0
1290,7288,0.0,0.0
1291,100,0.2558746736292428,0.8929503916449086
1292,247,0.2777777777777778,0.9305555555555556
1293,467,0.38095238095238093,0.9523809523809523
1294,528,0.2,1.0
1295,992,0.3333333333333333,1.0
1296,1617,0.0,1.0
1297,2503,0.0,1.0
1298,2608,0.0,1.0
1299,2664,0.0,1.0
1300,2912,0.0,0.0
1301,-269,0.0,0.0
1302,-180,1.0,0.0
1303,105,0.2430167597765363,0.9134078212290503
1304,131,0.2602739726027397,0.8949771689497716
1305,318,0.3409090909090909,0.8863636363636364
1306,581,0.14285714285714285,1.0
1307,850,0.2,1.0
1308,1013,0.5,0.8333333333333334
1309,1172,0.5,0.5
1310,1412,0.6,0.8
1311,1970,0.0,1.0
1312,2676,0.0,1.0
1313,4089,0.0,1.0
1314,4531,0.0,1.0
1315,5286,0.0,1.0
1316,7678,0.0,1.0
1317,-357,0.0,1.0
1318,294,0.2545454545454545,0.8545454545454545
1319,451,0.25806451612903225,0.967741935483871
1320,654,0.4,1.0
1321,800,0.25,1.0
1322,993,0.3333333333333333,0.6666666666666666
1323,1406,0.3333333333333333,0.6666666666666666
1324,1765,0.0,1.0
1325,2410,0.0,1.0
1326,3237,0.0,1.0
1327,3290,0.0,1.0
1328,5088,0.0,1.0
1329,108,0.2689075630252101,0.927170868347339
1330,218,0.21428571428571427,0.9489795918367347
1331,333,0.2,0.9142857142857143
1332,339,0.3,0.9
1333,934,0.3333333333333333,1.0
1334,1047,0.0,1.0
1335,1079,0.0,1.0
1336,1137,0.5,1.0
1337,3089,0.0,1.0
1338,3537,0.0,1.0
1339,3771,0.0,1.0
1340,3891,0.0,1.0
1341,4228,0.0,1.0
1342,-176,0.0,1.0
1343,44,0.25162337662337664,0.9047619047619048
1344,132,0.3148936170212766,0.9191489361702128
1345,309,0.2553191489361702,0.9148936170212766
1346,392,0.27586206896551724,0.896551724137931
1347,471,0.0,1.0
1348,540,0.18181818181818182,0.9090909090909091
1349,611,0.42857142857142855,0.8571428571428571
1350,804,0.2857142857142857,1.0
1351,947,0.6666666666666666,0.6666666666666666
1352,1068,0.3333333333333333,1.0
1353,1332,0.0,1.0
1354,2768,0.0,1.0
1355,2813,0.0,1.0
1356,3006,0.5,1.0
1357,3701,0.0,1.0
1358,-103,0.4444444444444444,0.7777777777777778
1359,123,0.2536231884057971,0.8985507246376812
1360,127,0.2791666666666667,0.9458333333333333
1361,345,0.23529411764705882,0.9117647058823529
1362,552,0.0,0.8
1363,641,0.3,1.0
1364,683,0.23076923076923078,1.0
1365,746,0.375,1.0
1366,951,0.0,1.0
1367,1007,0.4,1.0
1368,1011,0.0,1.0
1369,1357,0.0,1.0
1370,1410,0.0,1.0
1371,1486,0.5,1.0
1372,1561,0.0,1.0
1373,2629,1.0,0.0
1374,3908,0.0,1.0
1375,210,0.32142857142857145,0.9047619047619048
1376,590,0.21428571428571427,1.0
1377,1117,0.0,1.0
1378,1255,0.0,1.0
1379,1555,0.0,1.0
1380,-321,1.0,0.0
1381,-38,0.4080717488789238,0.7892376681614349
1382,205,0.24242424242424243,0.9090909090909091
1383,731,0.3333333333333333,0.8888888888888888
1384,994,0.18181818181818182,1.0
1385,1569,0.0,1.0
1386,2195,0.0,1.0
1387,2265,0.0,1.0
1388,2778,0.0,1.0
1389,2964,0.0,1.0
1390,3459,0.0,1.0
1391,3524,1.0,1.0
1392,6011,0.0,1.0
1393,6467,0.0,1.0
1394,225,0.16417910447761194,0.9402985074626866
1395,323,0.2564102564102564,0.9230769230769231
1396,352,0.25,0.8611111111111112
1397,559,0.23529411764705882,0.8823529411764706
1398,682,0.1111111111111111,0.8888888888888888
1399,981,0.125,0.875
1400,1244,0.0,1.0
1401,1308,1.0,1.0
1402,1577,0.5,1.0
1403,1663,0.0,1.0
1404,1678,1.0,1.0
1405,1688,0.0,1.0
1406,1857,0.0,1.0
1407,1885,0.0,1.0
1408,2013,1.0,1.0
1409,2052,0.0,1.0
1410,2199,0.0,1.0
1411,5267,0.0,1.0
1412,7066,0.0,1.0
1413,10024,0.0,1.0
1414,-199,0.0,0.0
1415,-122,0.42857142857142855,0.5714285714285714
1416,-6,0.3384500745156483,0.8241430700447094
1417,220,0.3191489361702128,0.9574468085106383
1418,249,0.23529411764705882,0.9215686274509803
1419,381,0.2,0.92
1420,383,0.3333333333333333,0.9487179487179487
1421,688,0.2727272727272727,1.0
1422,762,0.25,1.0
1423,795,0.25,1.0
1424,819,0.3333333333333333,1.0
1425,822,0.2222222222222222,0.8888888888888888
1426,1084,0.3333333333333333,1.0
1427,1155,0.0,1.0
1428,1354,0.0,1.0
1429,1842,0.0,1.0
1430,1856,0.0,1.0
1431,1959,0.0,1.0
1432,2061,0.0,1.0
1433,3666,0.0,1.0
1434,3777,0.0,1.0
1435,11589,0.0,1.0
1436,-222,1.0,0.0
1437,61,0.2528497409326425,0.9036269430051813
1438,303,0.2857142857142857,0.9464285714285714
1439,1309,1.0,1.0
1440,1812,0.0,1.0
1441,2312,0.0,1.0
1442,2732,1.0,0.0
1443,3895,0.0,1.0
1444,-114,0.1,0.8
1445,-57,0.36904761904761907,0.7976190476190477
1446,-48,0.37593984962406013,0.8195488721804511
1447,379,0.2962962962962963,0.9259259259259259
1448,777,0.25,1.0
1449,940,0.4,1.0
1450,988,0.0,1.0
1451,995,0.2,1.0
1452,1005,0.3333333333333333,1.0
1453,1207,0.3333333333333333,1.0
1454,1348,0.0,1.0
1455,1392,0.0,1.0
1456,2190,1.0,1.0
1457,2335,1.0,1.0
1458,2533,0.0,1.0
1459,3169,1.0,1.0
1460,3480,0.5,0.5
1461,3726,0.0,1.0
1462,3932,0.0,1.0
1463,5930,0.0,1.0
1464,535,0.3125,0.9375
1465,567,0.14285714285714285,1.0
1466,580,0.09090909090909091,0.9090909090909091
1467,1432,1.0,1.0
1468,1745,0.6666666666666666,1.0
1469,1925,0.0,1.0
1470,4663,0.0,1.0
1471,5914,0.0,1.0
1472,6533,0.0,1.0
1473,8691,0.0,1.0
1474,-39,0.39035087719298245,0.793859649122807
1475,192,0.21428571428571427,0.9081632653061225
1476,213,0.3,0.9
1477,337,0.16666666666666666,0.9333333333333333
1478,440,0.35294117647058826,0.8823529411764706
1479,454,0.3125,1.0
1480,473,0.5,0.75
1481,573,0.1,0.9
1482,653,0.42857142857142855,0.8571428571428571
1483,921,0.5,0.5
1484,1192,0.0,1.0
1485,1264,0.0,1.0
1486,1880,1.0,1.0
1487,2224,0.5,1.0
1488,3967,1.0,1.0
1489,156,0.25949367088607594,0.9177215189873418
1490,841,0.0,1.0
1491,1107,0.25,1.0
1492,1122,1.0,1.0
1493,1146,0.5,0.5
1494,1153,0.2,0.6
1495,1271,0.0,1.0
1496,1524,0.3333333333333333,1.0
1497,1691,1.0,1.0
1498,3041,0.0,1.0
1499,4414,0.0,1.0
1500,-68,0.5116279069767442,0.6976744186046512
1501,429,0.2916666666666667,0.875
1502,587,0.2222222222222222,1.0
1503,628,0.3,1.0
1504,636,0.1,0.9
1505,846,0.4,0.8
1506,1340,0.0,1.0
1507,1544,0.0,1.0
1508,2183,0.0,1.0
1509,2406,0.0,1.0
1510,4723,0.0,1.0
1511,-208,1.0,0.0
1512,160,0.3231707317073171,0.9390243902439024
1513,283,0.24444444444444444,1.0
1514,715,0.16666666666666666,1.0
1515,941,0.0,1.0
1516,957,0.0,0.6666666666666666
1517,1572,0.0,1.0
1518,1631,0.0,1.0
1519,1743,1.0,1.0
1520,1772,0.6666666666666666,1.0
1521,1977,1.0,1.0
1522,3039,0.0,1.0
1523,6372,0.0,1.0
1524,6632,0.0,1.0
1525,-278,0.0,1.0
1526,3,0.26267927334537344,0.898332093912674
1527,435,0.2631578947368421,0.8947368421052632
1528,576,0.2,1.0
1529,863,0.42857142857142855,0.8571428571428571
1530,979,0.125,0.875
1531,982,0.25,1.0
1532,1227,0.3333333333333333,1.0
1533,1451,0.0,1.0
1534,1662,0.0,1.0
1535,1890,0.0,1.0
1536,4305,0.0,1.0
1537,-188,0.0,1.0
1538,206,0.28,0.87
1539,382,0.3076923076923077,0.8846153846153846
1540,478,0.2777777777777778,0.9444444444444444
1541,482,0.23529411764705882,0.9411764705882353
1542,618,0.375,0.875
1543,1915,0.0,1.0
1544,2685,0.0,1.0
1545,3546,0.0,1.0
1546,6394,0.0,1.0
1547,12711,0.0,1.0
1548,14253,0.0,1.0
1549,-267,1.0,1.0
1550,37,0.2606404539927037,0.9063640048642075
1551,101,0.27807486631016043,0.9090909090909091
1552,292,0.2127659574468085,0.9148936170212766
1553,431,0.2727272727272727,0.8636363636363636
1554,776,0.0,1.0
1555,1090,0.3333333333333333,1.0
1556,1372,0.0,1.0
1557,1465,0.0,1.0
1558,1931,0.0,1.0
1559,2004,0.0,1.0
1560,2466,0.0,1.0
1561,3083,0.0,1.0
1562,3544,1.0,1.0
1563,11430,1.0,1.0
1564,-106,0.18181818181818182,0.8181818181818182
1565,-14,0.358659217877095,0.8189944134078212
1566,-8,0.34462018266874583,0.8242370238360437
1567,83,0.27289719626168224,0.902803738317757
1568,362,0.2727272727272727,1.0
1569,1265,0.3333333333333333,0.6666666666666666
1570,1430,0.0,1.0
1571,1580,0.0,1.0
1572,2257,0.0,1.0
1573,2323,0.0,1.0
1574,4038,0.0,0.0
1575,5178,0.0,0.0
1576,8191,1.0,1.0
1577,8666,1.0,1.0
1578,9732,0.0,1.0
1579,-73,0.4375,0.625
1580,-63,0.36363636363636365,0.8363636363636363
1581,-44,0.40441176470588236,0.7867647058823529
1582,491,0.2,0.95
1583,905,0.5,0.5
1584,919,0.14285714285714285,1.0
1585,1189,1.0,1.0
1586,1366,0.0,0.0
1587,2003,0.5,1.0
1588,2251,0.5,1.0
1589,4584,1.0,0.0
1590,7155,0.0,1.0
1591,-33,0.3783783783783784,0.831081081081081
1592,12,0.2620397917441428,0.8965693566381554
1593,200,0.29896907216494845,0.8865979381443299
1594,295,0.3157894736842105,0.9122807017543859
1595,355,0.3,0.9666666666666667
1596,655,0.36363636363636365,0.8181818181818182
1597,952,0.2,1.0
1598,1044,0.0,0.75
1599,1466,0.0,1.0
1600,1803,1.0,1.0
1601,2102,0.0,1.0
1602,2306,0.0,1.0
1603,2571,0.0,1.0
1604,3270,0.0,1.0
1605,4759,1.0,1.0
1606,6314,0.0,1.0
1607,141,0.2934131736526946,0.9461077844311377
1608,288,0.2727272727272727,0.9772727272727273
1609,543,0.42857142857142855,0.8571428571428571
1610,826,0.3333333333333333,0.8333333333333334
1611,855,0.2,0.8
1612,879,1.0,1.0
1613,942,0.0,1.0
1614,1201,0.5,1.0
1615,1672,0.0,1.0
1616,2087,1.0,1.0
1617,2352,0.0,1.0
1618,4048,1.0,1.0
1619,55,0.25234441602728047,0.9062233589087809
1620,373,0.2,0.92
1621,544,0.3333333333333333,0.7777777777777778
1622,614,0.5,1.0
1623,922,0.0,1.0
1624,943,0.25,1.0
1625,1056,0.0,1.0
1626,1397,0.0,1.0
1627,1464,0.0,1.0
1628,1912,0.0,1.0
1629,2142,0.0,1.0
1630,2328,0.0,1.0
1631,2788,0.0,1.0
1632,3003,1.0,1.0
1633,3268,1.0,1.0
1634,5853,1.0,1.0
1635,-156,0.3333333333333333,1.0
1636,-72,0.5714285714285714,0.7857142857142857
1637,74,0.24444444444444444,0.9096296296296297
1638,280,0.21052631578947367,0.9473684210526315
1639,322,0.1956521739130435,0.8913043478260869
1640,390,0.3333333333333333,0.9047619047619048
1641,492,0.25,0.875
1642,664,0.35714285714285715,0.9285714285714286
1643,872,0.4,1.0
1644,893,0.2,0.8
1645,996,0.5,1.0
1646,1102,0.0,1.0
1647,1289,0.0,1.0
1648,1378,0.3333333333333333,1.0
1649,1387,0.0,1.0
1650,2045,0.0,1.0
1651,2515,0.0,1.0
1652,2911,0.0,1.0
1653,3862,1.0,1.0
1654,6159,0.0,1.0
1655,8,0.26546073335042775,0.897736543975384
1656,62,0.2348643006263048,0.9112734864300627
1657,182,0.22807017543859648,0.9385964912280702
1658,334,0.2564102564102564,0.8974358974358975
1659,512,0.11764705882352941,0.8823529411764706
1660,658,0.125,0.9375
1661,668,0.125,0.875
1662,1062,0.0,1.0
1663,1143,0.0,1.0
1664,1261,0.0,1.0
1665,1506,0.5,1.0
1666,1585,0.0,1.0
1667,1853,0.0,1.0
1668,2532,0.0,1.0
1669,2640,1.0,1.0
1670,3184,0.0,1.0
1671,1058,0.3333333333333333,0.6666666666666666
1672,1120,0.3333333333333333,1.0
1673,1225,0.0,1.0
1674,1355,0.0,1.0
1675,1664,0.0,1.0
1676,1798,0.3333333333333333,1.0
1677,1910,0.0,1.0
1678,2510,1.0,1.0
1679,2539,0.0,1.0
1680,2682,0.3333333333333333,1.0
1681,2990,0.0,1.0
1682,15178,0.0,1.0
1683,-187,0.6666666666666666,1.0
1684,186,0.25252525252525254,0.9292929292929293
1685,910,0.6,0.8
1686,1096,0.0,1.0
1687,1113,0.25,1.0
1688,1327,0.0,1.0
1689,1398,0.5,0.5
1690,1707,0.0,1.0
1691,1758,0.0,1.0
1692,7306,0.0,1.0
1693,-212,0.0,0.5
1694,-70,0.4222222222222222,0.7555555555555555
1695,331,0.21951219512195122,1.0
1696,710,0.3333333333333333,0.8888888888888888
1697,772,0.14285714285714285,0.7142857142857143
1698,1166,0.3333333333333333,1.0
1699,1186,0.2,1.0
1700,1468,0.0,1.0
1701,1522,0.5,1.0
1702,1619,0.0,0.0
1703,1655,0.0,1.0
1704,1818,0.0,0.5
1705,1903,0.0,1.0
1706,1982,0.0,1.0
1707,2829,0.0,1.0
1708,3027,0.5,1.0
1709,3411,0.0,1.0
1710,3611,0.0,1.0
1711,11233,0.0,1.0
1712,-37,0.39183673469387753,0.8081632653061225
1713,171,0.26277372262773724,0.9562043795620438
1714,480,0.08333333333333333,1.0
1715,631,0.2,0.8
1716,747,0.16666666666666666,1.0
1717,792,0.14285714285714285,0.8571428571428571
1718,906,0.4,1.0
1719,1491,0.0,1.0
1720,1510,0.0,1.0
1721,1518,1.0,1.0
1722,2025,0.5,0.5
1723,2054,0.5,1.0
1724,2461,0.0,1.0
1725,5437,0.0,1.0
1726,11,0.26892614481566357,0.8957504120934346
1727,49,0.23255813953488372,0.9131326949384405
1728,290,0.24324324324324326,0.8648648648648649
1729,437,0.3333333333333333,0.9166666666666666
1730,514,0.11764705882352941,1.0
1731,591,0.2857142857142857,1.0
1732,716,0.25,0.875
1733,775,0.0,1.0
1734,803,0.2,0.8
1735,1091,0.5,0.6666666666666666
1736,1291,0.0,1.0
1737,1341,0.0,1.0
1738,1423,0.0,1.0
1739,1703,0.0,0.0
1740,2044,0.6666666666666666,1.0
1741,2133,0.0,1.0
1742,2389,0.0,1.0
1743,2730,0.0,1.0
1744,3837,1.0,1.0
1745,4002,1.0,1.0
1746,4330,0.0,1.0
1747,4604,0.0,1.0
1748,4813,0.0,1.0
1749,13265,0.0,1.0
1750,15646,0.0,1.0
1751,35,0.271881461061337,0.9059269469331496
1752,560,0.375,0.9375
1753,639,0.375,1.0
1754,1080,0.0,1.0
1755,1125,0.0,1.0
1756,1248,0.5,1.0
1757,1496,0.5,1.0
1758,1725,0.0,1.0
1759,1801,0.0,1.0
1760,2194,0.0,1.0
1761,4704,0.0,1.0
1762,-54,0.43023255813953487,0.7906976744186046
1763,371,0.32,0.92
1764,507,0.3,0.8
1765,1034,0.5,0.5
1766,1035,0.5,1.0
1767,1138,0.2727272727272727,0.9090909090909091
1768,1209,0.0,1.0
1769,1339,0.0,1.0
1770,1393,0.0,1.0
1771,2011,0.0,1.0
1772,2505,0.0,1.0
1773,2931,0.0,1.0
1774,-12,0.3518599562363239,0.8179431072210066
1775,166,0.28846153846153844,0.9358974358974359
1776,260,0.16666666666666666,0.8939393939393939
1777,468,0.22727272727272727,0.9545454545454546
1778,740,0.25,1.0
1779,753,0.6666666666666666,0.6666666666666666
1780,801,0.5,1.0
1781,1001,0.2,1.0
1782,1018,0.2,1.0
1783,1167,0.0,1.0
1784,1648,0.0,1.0
1785,2029,0.0,1.0
1786,2058,1.0,1.0
1787,2089,0.0,1.0
1788,2179,0.3333333333333333,1.0
1789,2792,0.5,1.0
1790,4203,0.0,1.0
1791,6438,0.0,0.0
1792,-105,0.2727272727272727,0.9090909090909091
1793,80,0.22540250447227192,0.9051878354203936
1794,622,0.14285714285714285,1.0
1795,774,0.45454545454545453,0.8181818181818182
1796,778,0.1,1.0
1797,807,0.75,1.0
1798,1402,0.5,0.5
1799,1448,0.0,1.0
1800,1490,1.0,1.0
1801,2254,1.0,1.0
1802,3097,1.0,1.0
1803,3674,0.0,0.0
1804,6884,0.0,1.0
1805,10312,0.0,1.0
1806,-260,0.5,1.0
1807,-87,0.38095238095238093,0.8095238095238095
1808,-4,0.3344979771974991,0.8256712026480324
1809,321,0.2972972972972973,0.918918918918919
1810,327,0.3333333333333333,0.9166666666666666
1811,380,0.22857142857142856,0.9428571428571428
1812,400,0.3333333333333333,0.8148148148148148
1813,750,0.25,0.75
1814,785,0.25,0.875
1815,829,0.25,1.0
1816,886,0.625,1.0
1817,1171,1.0,0.6666666666666666
1818,1179,0.0,1.0
1819,1418,0.5,1.0
1820,2380,0.0,1.0
1821,2402,1.0,1.0
1822,2519,1.0,1.0
1823,2693,1.0,1.0
1824,3160,0.0,1.0
1825,5047,0.0,1.0
1826,-144,0.2,0.8
1827,199,0.24742268041237114,0.9072164948453608
1828,477,0.3333333333333333,0.9166666666666666
1829,1161,0.5,1.0
1830,1335,0.25,0.75
1831,1337,0.0,1.0
1832,1364,0.0,1.0
1833,4751,0.0,1.0
1834,-390,0.0,0.0
1835,-228,1.0,1.0
1836,2,0.26737921503962186,0.8938554385777516
1837,269,0.29310344827586204,0.9310344827586207
1838,465,0.42105263157894735,0.8947368421052632
1839,518,0.3,0.8
1840,1379,0.0,1.0
1841,1589,0.3333333333333333,1.0
1842,1653,0.0,1.0
1843,2145,0.5,1.0
1844,4207,0.0,1.0
1845,4682,0.0,1.0
1846,5563,0.0,1.0
1847,7088,0.0,1.0
1848,-137,0.5714285714285714,0.42857142857142855
1849,-53,0.3783783783783784,0.8648648648648649
1850,-10,0.3417301955585018,0.8070931388796818
1851,66,0.24452133794694347,0.9158016147635525
1852,154,0.24528301886792453,0.9433962264150944
1853,265,0.14893617021276595,0.9361702127659575
1854,432,0.16666666666666666,0.9166666666666666
1855,1031,0.0,1.0
1856,1063,0.3333333333333333,1.0
1857,1303,0.0,1.0
1858,1802,0.0,1.0
1859,8804,1.0,1.0
1860,-174,1.0,0.0
1861,508,0.3157894736842105,1.0
1862,520,0.1,0.95
1863,657,0.4,1.0
1864,884,0.3333333333333333,0.6666666666666666
1865,1306,0.25,1.0
1866,1489,0.25,0.75
1867,1546,0.0,1.0
1868,2727,1.0,0.5
1869,3077,0.0,1.0
1870,4958,0.0,1.0
1871,6161,0.0,1.0
1872,-78,0.3548387096774194,0.7741935483870968
1873,162,0.2777777777777778,0.9305555555555556
1874,244,0.19117647058823528,0.9411764705882353
1875,344,0.358974358974359,0.8717948717948718
1876,615,0.2857142857142857,1.0
1877,689,0.2727272727272727,0.9090909090909091
1878,869,0.5,0.875
1879,954,0.3333333333333333,1.0
1880,967,0.3333333333333333,1.0
1881,1198,0.25,0.75
1882,1234,0.25,0.75
1883,1292,0.0,1.0
1884,1399,0.0,1.0
1885,1593,1.0,1.0
1886,1699,0.5,1.0
1887,2248,1.0,1.0
1888,2395,0.0,1.0
1889,2916,0.0,1.0
1890,4688,1.0,1.0
1891,428,0.48148148148148145,0.8888888888888888
1892,433,0.34782608695652173,1.0
1893,525,0.3888888888888889,0.9444444444444444
1894,553,0.2222222222222222,0.9444444444444444
1895,1438,0.0,1.0
1896,1515,1.0,0.5
1897,1933,1.0,0.0
1898,3281,1.0,1.0
1899,3373,0.0,1.0
1900,4012,0.0,1.0
1901,-117,0.6,0.7
1902,-34,0.37681159420289856,0.7681159420289855
1903,164,0.29012345679012347,0.8827160493827161
1904,503,0.16666666666666666,0.9166666666666666
1905,605,0.4,0.9
1906,711,0.4,0.9
1907,821,0.14285714285714285,1.0
1908,875,0.5,1.0
1909,931,0.5,1.0
1910,1076,0.14285714285714285,0.7142857142857143
1911,1301,0.0,1.0
1912,1350,1.0,1.0
1913,1528,1.0,1.0
1914,2733,0.0,1.0
1915,3172,0.0,1.0
1916,3504,0.0,1.0
1917,6095,0.0,1.0
1918,7621,1.0,1.0
1919,176,0.2196969696969697,0.9318181818181818
1920,360,0.20689655172413793,0.896551724137931
1921,495,0.3181818181818182,0.8636363636363636
1922,986,0.0,0.75
1923,1082,0.0,1.0
1924,1194,0.0,1.0
1925,1356,0.5,1.0
1926,2902,0.0,1.0
1927,3222,0.0,1.0
1928,5378,0.0,1.0
1929,-62,0.4117647058823529,0.7647058823529411
1930,134,0.22608695652173913,0.9304347826086956
1931,245,0.24,0.9333333333333333
1932,329,0.2653061224489796,0.9795918367346939
1933,504,0.06666666666666667,0.8666666666666667
1934,536,0.16666666666666666,0.75
1935,645,0.1111111111111111,0.8888888888888888
1936,732,0.25,0.875
1937,971,0.25,1.0
1938,1344,0.0,1.0
1939,1369,0.5,1.0
1940,1590,0.0,1.0
1941,1611,0.0,1.0
1942,1626,0.0,1.0
1943,1859,1.0,1.0
1944,3090,0.0,1.0
1945,3140,0.0,0.0
1946,3363,0.0,1.0
1947,8506,0.0,1.0
1948,-75,0.4230769230769231,0.8076923076923077
1949,359,0.3333333333333333,0.9629629629629629
1950,422,0.25,0.9583333333333334
1951,634,0.36363636363636365,1.0
1952,1027,0.5,1.0
1953,1097,0.25,1.0
1954,1635,0.0,1.0
1955,1719,0.0,1.0
1956,1751,0.0,1.0
1957,3358,0.0,1.0
1958,6720,1.0,1.0
1959,7262,0.0,1.0
1960,7347,0.0,1.0
1961,76,0.2766295707472178,0.9030206677265501
1962,102,0.2643979057591623,0.9057591623036649
1963,175,0.29838709677419356,0.967741935483871
1964,426,0.36666666666666664,0.8333333333333334
1965,1204,0.0,1.0
1966,1386,0.25,1.0
1967,1784,0.6666666666666666,0.6666666666666666
1968,1825,0.0,1.0
1969,2683,0.0,1.0
1970,4846,0.0,1.0
1971,4927,0.0,0.0
1972,-102,0.3,0.8
1973,-40,0.36231884057971014,0.748792270531401
1974,565,0.21428571428571427,1.0
1975,606,0.1111111111111111,0.8888888888888888
1976,914,0.5,0.75
1977,991,0.4,0.8
1978,1182,0.5,1.0
1979,1973,0.0,1.0
1980,2467,0.0,1.0
1981,6224,0.0,1.0
1982,233,0.1728395061728395,0.9259259259259259
1983,506,0.07142857142857142,1.0
1984,684,0.2857142857142857,0.8571428571428571
1985,729,0.2857142857142857,0.7142857142857143
1986,745,0.2,0.8
1987,827,0.0,1.0
1988,892,0.0,1.0
1989,1203,0.2,1.0
1990,1823,0.0,1.0
1991,2320,1.0,1.0
1992,2329,0.0,1.0
1993,2618,0.0,1.0
1994,3509,0.0,1.0
1995,5004,0.0,1.0
1996,6084,0.0,1.0
1997,4,0.26523794002607565,0.895616036505867
1998,92,0.25252525252525254,0.9116161616161617
1999,163,0.264,0.944
2000,230,0.3246753246753247,0.8831168831168831
2001,391,0.2962962962962963,0.9259259259259259
2002,549,0.2857142857142857,0.8571428571428571
2003,727,0.14285714285714285,1.0
2004,898,0.0,1.0
2005,1088,0.4,1.0
2006,1188,0.0,1.0
2007,1408,0.0,1.0
2008,1658,0.0,1.0
2009,1670,1.0,1.0
2010,1714,0.6666666666666666,1.0
2011,1753,0.0,1.0
2012,2063,1.0,1.0
2013,5044,0.0,1.0
2014,-150,0.25,0.75
2015,-148,0.5,0.5
2016,308,0.1590909090909091,0.9545454545454546
2017,604,0.18181818181818182,0.8181818181818182
2018,810,0.75,1.0
2019,842,0.0,1.0
2020,899,0.4,1.0
2021,930,0.0,1.0
2022,1065,0.3333333333333333,0.6666666666666666
2023,1095,0.25,1.0
2024,1221,0.2,0.8
2025,1305,0.0,1.0
2026,1317,0.3333333333333333,0.6666666666666666
2027,1814,0.0,1.0
2028,1847,0.3333333333333333,1.0
2029,1962,1.0,1.0
2030,2459,0.0,1.0
2031,3965,0.0,0.0
2032,5963,1.0,1.0
2033,8702,0.0,1.0
2034,-128,0.2857142857142857,0.5714285714285714
2035,118,0.2896825396825397,0.8968253968253969
2036,524,0.2222222222222222,0.9444444444444444
2037,763,0.0,1.0
2038,805,0.3333333333333333,0.8333333333333334
2039,1078,0.3333333333333333,0.6666666666666666
2040,1863,0.0,1.0
2041,1872,0.0,1.0
2042,2739,0.0,1.0
2043,3164,1.0,1.0
2044,-153,0.3333333333333333,1.0
2045,13,0.26447824926607955,0.9001334400854016
2046,272,0.2923076923076923,0.8769230769230769
2047,568,0.23076923076923078,0.9230769230769231
2048,687,0.2857142857142857,1.0
2049,765,0.3333333333333333,1.0
2050,916,0.14285714285714285,1.0
2051,1160,0.5,1.0
2052,1455,1.0,0.0
2053,1788,1.0,1.0
2054,1861,0.0,1.0
2055,3395,0.0,1.0
2056,3492,0.0,1.0
2057,4766,0.0,1.0
2058,305,0.3829787234042553,0.9148936170212766
2059,652,0.4444444444444444,1.0
2060,1272,0.0,1.0
2061,1479,0.3333333333333333,1.0
2062,1600,0.5,1.0
2063,2141,0.0,1.0
2064,2188,0.0,1.0
2065,2655,1.0,1.0
2066,4297,0.0,0.0
2067,36,0.2600928903179707,0.9006788138620936
2068,75,0.27921092564491656,0.9119878603945372
2069,302,0.27450980392156865,0.803921568627451
2070,603,0.5714285714285714,0.8571428571428571
2071,722,0.36363636363636365,1.0
2072,984,0.0,1.0
2073,1557,0.0,1.0
2074,1667,1.0,1.0
2075,1971,0.0,1.0
2076,2034,0.0,1.0
2077,2035,0.0,1.0
2078,2200,0.0,1.0
2079,2252,0.0,1.0
2080,2450,0.0,1.0
2081,2554,0.0,1.0
2082,2678,0.5,1.0
2083,-171,1.0,0.0
2084,-23,0.379746835443038,0.8180379746835443
2085,172,0.2624113475177305,0.9219858156028369
2086,613,0.4,1.0
2087,1053,0.2,0.8
2088,7007,0.0,1.0
2089,-236,0.0,1.0
2090,-142,0.0,1.0
2091,78,0.24632352941176472,0.9136029411764706
2092,314,0.2647058823529412,0.9411764705882353
2093,408,0.19230769230769232,0.9230769230769231
2094,924,0.0,1.0
2095,973,0.0,1.0
2096,1101,0.5,1.0
2097,1173,0.0,1.0
2098,1275,0.0,0.8
2099,1370,0.0,1.0
2100,1462,0.3333333333333333,1.0
2101,2046,0.0,1.0
2102,10050,0.0,1.0
2103,-283,0.0,0.0
2104,-223,0.3333333333333333,0.6666666666666666
2105,-83,0.391304347826087,0.8695652173913043
2106,579,0.2857142857142857,0.8571428571428571
2107,780,0.5,0.75
2108,1519,0.0,1.0
2109,1824,0.0,1.0
2110,2262,0.0,1.0
2111,2385,1.0,1.0
2112,2541,0.0,1.0
2113,2897,0.0,1.0
2114,4332,0.0,1.0
2115,5989,1.0,1.0
2116,-32,0.3727598566308244,0.7670250896057348
2117,672,0.4,1.0
2118,904,0.0,1.0
2119,955,0.0,1.0
2120,1020,0.3333333333333333,1.0
2121,1072,0.0,1.0
2122,2093,0.0,1.0
2123,3085,0.0,1.0
2124,3191,0.0,1.0
2125,6026,0.0,1.0
2126,-165,1.0,0.6666666666666666
2127,18,0.26537751433291223,0.8937906908949568
2128,125,0.26618705035971224,0.9244604316546763
2129,140,0.27717391304347827,0.9239130434782609
2130,298,0.19148936170212766,0.8936170212765957
2131,410,0.3684210526315789,0.8947368421052632
2132,533,0.1111111111111111,0.8888888888888888
2133,679,0.5,0.8
2134,1015,0.3333333333333333,0.6666666666666666
2135,1416,0.2,1.0
2136,1613,0.5,1.0
2137,1830,0.5,1.0
2138,2343,0.0,1.0
2139,2946,1.0,0.0
2140,3402,0.0,1.0
2141,289,0.27450980392156865,0.8627450980392157
2142,607,0.125,0.875
2143,983,0.125,1.0
2144,1129,0.0,0.5
2145,1156,0.0,1.0
2146,1290,0.0,1.0
2147,1499,0.3333333333333333,1.0
2148,1541,0.5,1.0
2149,1615,0.0,1.0
2150,2109,0.0,1.0
2151,2386,0.0,1.0
2152,3260,0.0,0.0
2153,4998,0.0,1.0
2154,6570,0.0,1.0
2155,-248,1.0,1.0
2156,-126,0.6666666666666666,0.6666666666666666
2157,-59,0.4084507042253521,0.8309859154929577
2158,-51,0.3504273504273504,0.8034188034188035
2159,670,0.3333333333333333,1.0
2160,1036,0.3333333333333333,0.6666666666666666
2161,1070,0.0,1.0
2162,5259,0.0,1.0
2163,8262,0.0,1.0
2164,13724,0.0,1.0
2165,-292,0.0,1.0
2166,-157,0.25,0.5
2167,69,0.2758169934640523,0.9137254901960784
2168,475,0.25925925925925924,0.8888888888888888
2169,913,0.4,1.0
2170,1086,1.0,1.0
2171,1148,0.6666666666666666,1.0
2172,1575,0.0,1.0
2173,1628,0.0,1.0
2174,1646,0.0,1.0
2175,1750,0.0,1.0
2176,1791,0.0,1.0
2177,2258,1.0,1.0
2178,3912,1.0,1.0
2179,4014,0.0,1.0
2180,4081,0.0,1.0
2181,14,0.2683635015753382,0.8980663495397542
2182,374,0.1794871794871795,0.9743589743589743
2183,681,0.4,1.0
2184,860,0.0,1.0
2185,1014,0.0,1.0
2186,1123,0.0,1.0
2187,1162,0.0,1.0
2188,1318,0.5,0.75
2189,1705,0.6666666666666666,0.3333333333333333
2190,2500,0.0,1.0
2191,3422,0.0,1.0
2192,7006,0.0,1.0
2193,-196,0.0,1.0
2194,594,0.2857142857142857,0.8571428571428571
2195,733,0.2,0.8
2196,935,0.125,1.0
2197,1359,0.0,0.0
2198,1509,0.0,0.0
2199,1554,1.0,1.0
2200,1649,1.0,1.0
2201,1865,0.0,0.5
2202,2081,0.0,1.0
2203,2166,0.0,1.0
2204,2867,0.0,1.0
2205,3527,0.0,1.0
2206,12313,0.0,1.0
2207,216,0.25,0.9347826086956522
2208,286,0.2727272727272727,0.8409090909090909
2209,598,0.2727272727272727,0.8181818181818182
2210,767,0.2,1.0
2211,840,0.25,1.0
2212,864,0.5,1.0
2213,1109,0.0,1.0
2214,1170,0.0,1.0
2215,1197,0.0,1.0
2216,1304,0.5,1.0
2217,1311,0.25,1.0
2218,1573,0.0,1.0
2219,2074,0.0,1.0
2220,3529,1.0,1.0
2221,3768,1.0,0.0
2222,5538,0.0,1.0
2223,6020,0.0,1.0
2224,6245,0.0,1.0
2225,583,0.3076923076923077,1.0
2226,782,0.16666666666666666,1.0
2227,791,1.0,1.0
2228,999,1.0,1.0
2229,1223,0.0,1.0
2230,1735,1.0,1.0
2231,1974,0.5,1.0
2232,3565,1.0,1.0
2233,3826,0.0,0.0
2234,5123,0.0,1.0
2235,5399,0.0,1.0
2236,-226,0.5,0.0
2237,-152,1.0,1.0
2238,137,0.27225130890052357,0.900523560209424
2239,173,0.2518518518518518,0.9111111111111111
2240,194,0.28703703703703703,0.8796296296296297
2241,505,0.2222222222222222,0.8333333333333334
2242,601,0.2857142857142857,0.8571428571428571
2243,626,0.25,1.0
2244,692,0.16666666666666666,1.0
2245,1563,0.0,1.0
2246,1917,1.0,0.5
2247,1922,0.0,1.0
2248,2150,0.0,1.0
2249,2233,0.0,1.0
2250,2521,0.0,1.0
2251,2811,0.0,1.0
2252,3088,0.0,0.0
2253,3297,0.0,1.0
2254,5060,1.0,1.0
2255,5153,0.0,1.0
2256,5633,0.0,1.0
2257,5855,0.0,1.0
2258,-130,0.2,0.8
2259,21,0.2582832288601765,0.9077651272866829
2260,135,0.20851063829787234,0.9276595744680851
2261,238,0.21212121212121213,0.9090909090909091
2262,547,0.4444444444444444,0.9444444444444444
2263,809,0.4444444444444444,0.8888888888888888
2264,877,0.2,1.0
2265,881,0.6666666666666666,1.0
2266,2311,1.0,1.0
2267,2599,0.0,1.0
2268,2793,0.0,1.0
2269,2907,0.0,1.0
2270,4360,1.0,1.0
2271,-120,0.5,1.0
2272,-85,0.4642857142857143,0.7142857142857143
2273,701,0.5,1.0
2274,1177,1.0,1.0
2275,1216,0.0,1.0
2276,1226,0.2,0.8
2277,1298,0.16666666666666666,0.8333333333333334
2278,1767,0.0,1.0
2279,1946,0.0,1.0
2280,2127,0.0,1.0
2281,2249,0.0,1.0
2282,2292,1.0,1.0
2283,7085,0.0,1.0
2284,-307,1.0,1.0
2285,59,0.26440037771482533,0.8942398489140698
2286,122,0.2757201646090535,0.9218106995884774
2287,129,0.22317596566523606,0.9012875536480687
2288,372,0.3333333333333333,0.8
2289,542,0.2,0.85
2290,620,0.5384615384615384,1.0
2291,1413,1.0,1.0
2292,1470,0.0,1.0
2293,2125,0.0,1.0
2294,2799,0.0,1.0
2295,-125,1.0,0.25
2296,335,0.34285714285714286,0.8857142857142857
2297,651,0.1875,0.9375
2298,759,0.2857142857142857,0.8571428571428571
2299,960,0.3333333333333333,1.0
2300,1093,0.16666666666666666,1.0
2301,1169,0.5,1.0
2302,1333,0.25,1.0
2303,1352,0.0,1.0
2304,1401,1.0,1.0
2305,1941,0.0,1.0
2306,1981,0.0,1.0
2307,2132,0.0,1.0
2308,2901,0.0,1.0
2309,2948,0.0,1.0
2310,3340,0.0,1.0
2311,-155,0.5,1.0
2312,310,0.30303030303030304,0.9090909090909091
2313,313,0.23214285714285715,0.9821428571428571
2314,393,0.34615384615384615,0.9615384615384616
2315,493,0.2,0.8666666666666667
2316,627,0.2,0.9
2317,868,0.2,1.0
2318,985,0.0,0.6666666666666666
2319,1030,0.14285714285714285,1.0
2320,1385,0.5,1.0
2321,1686,0.3333333333333333,1.0
2322,1996,0.5,1.0
2323,2528,1.0,1.0
2324,2847,0.0,1.0
2325,3356,1.0,1.0
2326,4078,0.5,1.0
2327,4317,0.0,1.0
2328,10334,0.0,1.0
2329,-231,0.0,1.0
2330,-175,0.0,0.0
2331,-22,0.36666666666666664,0.804
2332,15,0.2603130434782609,0.8986434782608695
2333,81,0.25886524822695034,0.9202127659574468
2334,165,0.25547445255474455,0.8759124087591241
2335,223,0.11267605633802817,0.9295774647887324
2336,315,0.20454545454545456,0.9545454545454546
2337,878,0.6,0.8
2338,1320,0.6666666666666666,1.0
2339,1579,1.0,1.0
2340,1605,0.3333333333333333,1.0
2341,1621,0.0,1.0
2342,1701,0.5,1.0
2343,1796,0.0,1.0
2344,2053,0.0,1.0
2345,2483,0.0,1.0
2346,4569,0.0,1.0
2347,7330,0.0,1.0
2348,9587,0.0,1.0
2349,180,0.24752475247524752,0.9306930693069307
2350,195,0.19148936170212766,0.9361702127659575
2351,436,0.3333333333333333,0.9629629629629629
2352,438,0.2,0.95
2353,648,0.23076923076923078,0.8461538461538461
2354,811,0.4444444444444444,0.8888888888888888
2355,1417,0.0,1.0
2356,1457,0.0,1.0
2357,1749,0.0,1.0
2358,1992,0.0,1.0
2359,2638,1.0,0.0
2360,-211,0.0,0.0
2361,-129,0.3333333333333333,0.3333333333333333
2362,38,0.26579163248564397,0.9077112387202625
2363,82,0.25149700598802394,0.9161676646706587
2364,350,0.30303030303030304,0.9393939393939394
2365,472,0.35294117647058826,0.8823529411764706
2366,523,0.13333333333333333,1.0
2367,609,0.5,1.0
2368,695,0.3333333333333333,0.5555555555555556
2369,1220,1.0,0.6666666666666666
2370,1396,0.0,1.0
2371,1500,0.0,1.0
2372,1780,0.0,1.0
2373,1871,0.0,1.0
2374,2108,0.0,1.0
2375,2135,0.0,1.0
2376,4338,1.0,1.0
2377,-69,0.40425531914893614,0.7446808510638298
2378,97,0.2619047619047619,0.9285714285714286
2379,133,0.2523809523809524,0.9095238095238095
2380,351,0.25,0.9545454545454546
2381,470,0.125,0.8125
2382,663,0.3,1.0
2383,723,0.5,0.5
2384,980,0.25,1.0
2385,1630,0.0,1.0
2386,2597,1.0,1.0
2387,4679,1.0,1.0
2388,7588,0.0,1.0
2389,-132,0.8,0.0
2390,-43,0.38509316770186336,0.8012422360248447
2391,30,0.27523387493845397,0.9098966026587888
2392,42,0.2717127607957302,0.9082969432314411
2393,73,0.25709779179810727,0.8974763406940063
2394,151,0.2598870056497175,0.9265536723163842
2395,401,0.17647058823529413,1.0
2396,582,0.3,0.5
2397,708,0.1111111111111111,1.0
2398,895,0.0,0.875
2399,1028,0.4,0.8
2400,1180,0.0,1.0
2401,1746,0.0,1.0
2402,2161,0.0,1.0
2403,2189,0.0,1.0
2404,2307,0.0,1.0
2405,2751,0.0,1.0
2406,3568,1.0,1.0
2407,8885,0.0,1.0
2408,90,0.3036876355748373,0.9067245119305857
2409,159,0.34782608695652173,0.8768115942028986
2410,256,0.24074074074074073,0.8518518518518519
2411,457,0.09090909090909091,0.9090909090909091
2412,690,0.5,1.0
2413,709,0.125,1.0
2414,851,0.6,1.0
2415,1276,0.0,1.0
2416,1852,0.0,1.0
2417,2381,0.0,1.0
2418,2721,1.0,1.0
2419,3071,0.0,1.0
2420,3107,1.0,1.0
2421,3450,0.0,1.0
2422,3490,0.5,1.0
2423,4041,0.0,1.0
2424,-64,0.32608695652173914,0.8043478260869565
2425,312,0.2631578947368421,0.9210526315789473
2426,338,0.3225806451612903,0.967741935483871
2427,425,0.3,1.0
2428,445,0.23076923076923078,0.8846153846153846
2429,643,0.2,1.0
2430,680,0.25,1.0
2431,685,0.25,0.9166666666666666
2432,771,0.25,1.0
2433,1029,0.4,0.6
2434,1104,0.25,0.75
2435,1377,0.0,1.0
2436,2008,0.0,0.0
2437,2073,0.0,1.0
2438,3192,0.0,1.0
2439,4149,0.0,1.0
2440,7229,0.0,0.0
2441,-143,0.5,0.75
2442,297,0.2926829268292683,0.8536585365853658
2443,597,0.36363636363636365,0.8181818181818182
2444,674,0.08333333333333333,1.0
2445,764,0.25,1.0
2446,812,0.0,1.0
2447,1043,0.5,1.0
2448,1421,0.3333333333333333,1.0
2449,1763,0.0,1.0
2450,1848,1.0,1.0
2451,1965,1.0,1.0
2452,2274,0.0,1.0
2453,3055,0.0,1.0
2454,4793,0.0,1.0
2455,5864,0.0,1.0
2456,23,0.25466520307354557,0.9096753959542104
2457,117,0.2642857142857143,0.9392857142857143
2458,291,0.3617021276595745,0.9361702127659575
2459,783,0.4,1.0
2460,1019,0.5,1.0
2461,1229,0.0,1.0
2462,2713,0.0,0.0
2463,4180,1.0,1.0
2464,7459,0.0,1.0
2465,-219,1.0,1.0
2466,121,0.29343629343629346,0.915057915057915
2467,824,0.25,0.875
2468,1176,0.5,1.0
2469,1285,0.5,0.5
2470,1828,0.0,1.0
2471,2465,0.0,1.0
2472,3583,0.0,1.0
2473,4757,0.0,1.0
2474,-56,0.3684210526315789,0.75
2475,-42,0.33766233766233766,0.7922077922077922
2476,-9,0.34472630173564756,0.82456608811749
2477,46,0.25717776420281,0.9065363469761759
2478,217,0.30864197530864196,0.9876543209876543
2479,284,0.32727272727272727,0.9454545454545454
2480,358,0.3333333333333333,0.9629629629629629
2481,409,0.1875,0.9375
2482,494,0.3333333333333333,1.0
2483,987,0.5,1.0
2484,1008,0.2,0.8
2485,1414,0.3333333333333333,1.0
2486,1660,0.0,1.0
2487,1841,0.5,1.0
2488,2561,1.0,1.0
2489,2614,0.0,1.0
2490,4097,0.0,1.0
2491,4658,0.0,1.0
2492,6582,0.0,1.0
2493,7716,0.0,1.0
2494,11575,0.0,1.0
2495,-322,1.0,1.0
2496,-225,0.0,1.0
2497,-74,0.4411764705882353,0.7941176470588235
2498,20,0.25576225576225575,0.9009009009009009
2499,70,0.2563758389261745,0.9167785234899329
2500,479,0.2777777777777778,1.0
2501,848,0.14285714285714285,1.0
2502,1215,0.0,1.0
2503,1383,1.0,1.0
2504,1422,0.5,0.5
2505,1525,0.3333333333333333,0.6666666666666666
2506,1680,0.0,0.5
2507,1759,0.0,1.0
2508,1874,0.0,1.0
2509,2028,0.0,1.0
2510,2363,1.0,1.0
2511,4673,1.0,1.0
2512,5522,1.0,1.0
2513,-92,0.1875,1.0
2514,300,0.2,0.8888888888888888
2515,616,0.125,0.875
2516,781,0.1111111111111111,1.0
2517,1004,0.16666666666666666,0.8333333333333334
2518,1133,0.6666666666666666,0.6666666666666666
2519,1168,0.25,1.0
2520,1178,0.0,1.0
2521,1365,1.0,1.0
2522,1901,0.0,1.0
2523,1993,0.0,1.0
2524,2407,1.0,1.0
2525,2645,0.0,1.0
2526,2716,0.0,1.0
2527,3065,1.0,1.0
2528,-11,0.3584054155697631,0.8097028958254983
2529,99,0.24871794871794872,0.9102564102564102
2530,444,0.1111111111111111,1.0
2531,510,0.3076923076923077,1.0
2532,617,0.25,0.9166666666666666
2533,630,0.5,1.0
2534,676,0.2222222222222222,1.0
2535,799,0.25,1.0
2536,937,1.0,1.0
2537,976,0.25,0.75
2538,1181,1.0,0.0
2539,1674,0.0,1.0
2540,1713,0.0,1.0
2541,1792,0.5,0.5
2542,1989,0.5,1.0
2543,2065,0.0,1.0
2544,2284,0.0,1.0
2545,3404,0.0,1.0
2546,4046,0.0,1.0
2547,-93,0.4,0.8
2548,231,0.24390243902439024,0.9390243902439024
2549,387,0.28125,0.9375
2550,885,0.5,1.0
2551,1140,1.0,1.0
2552,1349,0.0,1.0
2553,2594,0.0,1.0
2554,2631,0.0,1.0
2555,3244,0.0,1.0
2556,3842,0.0,1.0
2557,4398,0.0,1.0
2558,4843,0.0,1.0
2559,5209,0.0,1.0
2560,9189,1.0,1.0
2561,-179,1.0,0.0
2562,-89,0.5789473684210527,0.7894736842105263
2563,-20,0.32997762863534674,0.8277404921700223
2564,86,0.27586206896551724,0.9046653144016227
2565,109,0.3046594982078853,0.9139784946236559
2566,354,0.3103448275862069,0.8620689655172413
2567,483,0.4,0.85
2568,640,0.25,0.9166666666666666
2569,1313,0.0,0.6666666666666666
2570,1610,1.0,0.0
2571,2651,0.0,1.0
2572,2930,0.0,1.0
2573,3347,1.0,1.0
2574,3401,0.0,1.0
2575,4054,1.0,1.0
2576,5839,1.0,0.0
2577,476,0.13333333333333333,1.0
2578,660,0.2222222222222222,0.8888888888888888
2579,802,0.0,1.0
2580,918,0.6666666666666666,0.8333333333333334
2581,1131,0.3333333333333333,1.0
2582,1450,0.0,1.0
2583,1564,0.0,1.0
2584,1637,0.0,1.0
2585,2152,0.0,1.0
2586,3721,0.0,1.0
2587,4566,0.0,1.0
2588,-134,0.4,0.8
2589,-113,0.8,0.7
2590,770,0.5,1.0
2591,793,0.0,1.0
2592,832,0.2,0.8
2593,862,0.16666666666666666,1.0
2594,1006,0.2857142857142857,1.0
2595,2083,1.0,1.0
2596,2892,0.0,1.0
2597,3186,0.0,1.0
2598,3443,0.0,0.0
2599,5704,0.0,1.0
2600,60,0.2587763289869609,0.9097291875626881
2601,189,0.2727272727272727,0.946969696969697
2602,545,0.25,0.9166666666666666
2603,1026,0.3333333333333333,1.0
2604,1094,0.0,1.0
2605,1270,0.2,1.0
2606,1390,0.0,1.0
2607,1391,0.14285714285714285,0.8571428571428571
2608,1904,0.0,1.0
2609,2032,0.0,1.0
2610,2138,0.0,1.0
2611,2156,0.0,1.0
2612,2345,1.0,1.0
2613,2886,0.0,1.0
2614,2988,1.0,1.0
2615,4687,0.0,1.0
2616,9727,0.0,1.0
2617,-242,0.0,0.0
2618,-201,1.0,1.0
2619,-99,0.2727272727272727,0.6363636363636364
2620,-21,0.4075520833333333,0.7903645833333334
2621,311,0.34615384615384615,0.9807692307692307
2622,534,0.5,0.7
2623,578,0.16666666666666666,1.0
2624,798,0.42857142857142855,1.0
2625,873,0.0,1.0
2626,1195,0.0,1.0
2627,1249,0.2,1.0
2628,1293,0.0,1.0
2629,1351,1.0,1.0
2630,1411,0.5,0.5
2631,1676,0.0,0.5
2632,1684,0.0,1.0
2633,2524,0.0,1.0
2634,4269,0.0,1.0
2635,5903,0.5,1.0
2636,-31,0.38372093023255816,0.7732558139534884
2637,93,0.2603938730853392,0.9015317286652079
2638,566,0.14285714285714285,1.0
2639,569,0.1111111111111111,1.0
2640,633,0.07142857142857142,1.0
2641,717,0.14285714285714285,0.8571428571428571
2642,721,0.25,1.0
2643,888,0.0,1.0
2644,969,0.25,0.75
2645,1111,0.0,1.0
2646,2408,0.0,1.0
2647,2774,0.0,1.0
2648,3062,0.0,1.0
2649,3508,0.0,1.0
2650,7945,0.0,1.0
2651,-94,0.375,0.8125
2652,40,0.26100771674988654,0.899682251475261
2653,204,0.2808988764044944,0.9438202247191011
2654,251,0.26785714285714285,0.9642857142857143
2655,259,0.2537313432835821,0.9402985074626866
2656,366,0.16,0.96
2657,666,0.16666666666666666,1.0
2658,707,0.5,0.8333333333333334
2659,1183,0.0,1.0
2660,1477,0.0,1.0
2661,1503,0.0,1.0
2662,1644,0.0,1.0
2663,5048,0.0,1.0
2664,-266,0.0,1.0
2665,282,0.3584905660377358,0.9056603773584906
2666,285,0.2916666666666667,0.9791666666666666
2667,647,0.5,0.9
2668,1106,0.0,1.0
2669,1247,0.3333333333333333,0.6666666666666666
2670,1281,0.0,1.0
2671,1492,0.0,1.0
2672,1604,0.0,1.0
2673,1616,1.0,1.0
2674,1742,0.0,1.0
2675,2000,0.0,1.0
2676,2001,0.5,1.0
2677,2387,0.3333333333333333,1.0
2678,12494,0.0,1.0
2679,-207,0.0,0.5
2680,-138,0.375,0.625
2681,147,0.21604938271604937,0.8950617283950617
2682,787,0.0,1.0
2683,887,0.0,1.0
2684,908,0.42857142857142855,0.8571428571428571
2685,1139,0.0,1.0
2686,1184,0.5,1.0
2687,1294,0.6666666666666666,1.0
2688,1495,0.0,1.0
2689,1839,0.0,1.0
2690,2267,1.0,0.3333333333333333
2691,3893,1.0,1.0
2692,3973,0.0,1.0
2693,183,0.25688073394495414,0.8623853211009175
2694,522,0.2857142857142857,0.8095238095238095
2695,527,0.42857142857142855,1.0
2696,571,0.3076923076923077,1.0
2697,725,0.3,0.9
2698,728,0.5,1.0
2699,837,0.6,0.8
2700,1032,0.5,1.0
2701,1049,0.0,1.0
2702,1142,0.3333333333333333,0.6666666666666666
2703,1634,0.0,1.0
2704,2375,0.0,1.0
2705,2446,0.0,0.0
2706,2574,0.0,0.0
2707,3688,0.0,0.0
2708,5897,0.0,1.0
2709,240,0.23529411764705882,0.9411764705882353
2710,263,0.2702702702702703,0.918918918918919
2711,396,0.22727272727272727,0.9545454545454546
2712,1003,0.0,1.0
2713,1017,0.3333333333333333,1.0
2714,1057,0.5,1.0
2715,1165,0.0,1.0
2716,1262,0.0,1.0
2717,1521,1.0,1.0
2718,1870,0.0,1.0
2719,2048,0.25,1.0
2720,3124,1.0,1.0
2721,3479,1.0,1.0
2722,3987,0.0,1.0
2723,4008,0.0,1.0
2724,4373,0.0,1.0
2725,-184,1.0,1.0
2726,-66,0.3541666666666667,0.8541666666666666
2727,16,0.2652775618099829,0.898227336339605
2728,64,0.2459016393442623,0.9133489461358314
2729,917,0.0,1.0
2730,1022,0.25,0.75
2731,1442,0.5,1.0
2732,1620,1.0,1.0
2733,2243,0.0,1.0
2734,2327,1.0,1.0
2735,2361,1.0,0.5
2736,3100,0.0,1.0
2737,3123,1.0,0.0
2738,3265,0.0,1.0
2739,3371,0.0,1.0
2740,-216,0.0,0.0
2741,-210,1.0,1.0
2742,-29,0.36486486486486486,0.8216216216216217
2743,281,0.1774193548387097,0.8709677419354839
2744,336,0.29411764705882354,0.9117647058823529
2745,612,0.125,0.75
2746,698,0.6,0.8
2747,839,0.0,0.75
2748,1039,0.6666666666666666,1.0
2749,2269,0.0,1.0
2750,2342,0.0,1.0
2751,2890,1.0,1.0
2752,3458,0.0,1.0
2753,3850,1.0,1.0
2754,-100,0.7142857142857143,0.7142857142857143
2755,91,0.2577962577962578,0.9251559251559252
2756,152,0.25149700598802394,0.9221556886227545
2757,267,0.2807017543859649,0.9298245614035088
2758,317,0.24324324324324326,0.9459459459459459
2759,357,0.23076923076923078,0.9743589743589743
2760,416,0.2962962962962963,0.9259259259259259
2761,584,0.09090909090909091,0.9090909090909091
2762,667,0.18181818181818182,0.9090909090909091
2763,788,0.2857142857142857,0.8571428571428571
2764,835,0.16666666666666666,0.8333333333333334
2765,1692,1.0,1.0
2766,2060,1.0,1.0
2767,2783,0.0,1.0
2768,7646,1.0,1.0
2769,-1,0.3107521578298397,0.8452281134401973
2770,261,0.25806451612903225,0.9516129032258065
2771,398,0.21739130434782608,0.8260869565217391
2772,757,0.4444444444444444,1.0
2773,808,0.25,0.875
2774,956,0.0,1.0
2775,1061,0.2,0.8
2776,1067,0.25,1.0
2777,1645,0.6666666666666666,0.6666666666666666
2778,1652,0.0,1.0
2779,1952,0.0,1.0
2780,2146,0.0,1.0
2781,2480,0.0,1.0
2782,2595,0.0,1.0
2783,4140,0.0,1.0
2784,-80,0.5,0.5769230769230769
2785,-76,0.53125,0.78125
2786,-67,0.30357142857142855,0.7321428571428571
2787,489,0.125,0.9375
2788,625,0.2727272727272727,0.8181818181818182
2789,949,0.0,1.0
2790,1288,0.0,1.0
2791,1439,0.0,0.75
2792,1523,0.0,1.0
2793,1603,1.0,1.0
2794,1929,0.0,1.0
2795,2126,0.0,1.0
2796,2626,0.0,1.0
2797,2962,0.0,1.0
2798,4774,0.0,1.0
2799,45,0.27178303519907676,0.9059434506635892
2800,47,0.2628898790579249,0.9026098026734564
2801,53,0.2831230283911672,0.8919558359621451
2802,148,0.2611111111111111,0.8888888888888888
2803,394,0.0967741935483871,0.8709677419354839
2804,484,0.2777777777777778,1.0
2805,531,0.10526315789473684,0.9473684210526315
2806,572,0.2631578947368421,0.9473684210526315
2807,619,0.3076923076923077,1.0
2808,669,0.4,0.9
2809,972,0.0,1.0
2810,1159,0.3333333333333333,1.0
2811,1394,0.6666666666666666,0.6666666666666666
2812,1443,0.0,0.5
2813,1851,0.25,1.0
2814,3317,0.0,0.0
2815,169,0.2789115646258503,0.9455782312925171
2816,751,0.0,1.0
2817,786,0.25,0.75
2818,1243,0.5,0.5
2819,1268,0.2,0.8
2820,1286,0.0,1.0
2821,1431,0.0,1.0
2822,1827,0.0,1.0
2823,2431,0.0,1.0
2824,2617,0.5,1.0
2825,2801,0.0,1.0
2826,3788,0.0,1.0
2827,5501,0.0,1.0
2828,-5,0.33642228739002933,0.8246334310850439
2829,273,0.26666666666666666,0.9111111111111111
2830,758,0.16666666666666666,1.0
2831,1033,0.3333333333333333,1.0
2832,1105,0.3333333333333333,1.0
2833,1158,0.5,1.0
2834,1205,0.5,1.0
2835,1467,0.0,1.0
2836,1494,0.0,1.0
2837,1854,0.0,1.0
2838,2542,0.0,1.0
2839,3002,0.0,1.0
2840,5869,0.0,1.0
2841,8240,0.0,1.0
2842,9152,0.0,1.0
2843,-139,0.14285714285714285,0.8571428571428571
2844,24,0.27152542372881355,0.901186440677966
2845,340,0.21428571428571427,0.8928571428571429
2846,456,0.2608695652173913,0.9130434782608695
2847,458,0.16666666666666666,0.8888888888888888
2848,739,0.25,1.0
2849,1092,0.0,1.0
2850,1147,0.3333333333333333,1.0
2851,1214,0.0,1.0
2852,1325,0.5,1.0
2853,1704,0.6666666666666666,1.0
2854,2576,0.0,1.0
2855,2753,1.0,1.0
2856,6490,1.0,1.0
2857,-127,1.0,0.5
2858,-52,0.4578313253012048,0.7349397590361446
2859,211,0.26373626373626374,0.9120879120879121
2860,469,0.29411764705882354,0.9411764705882353
2861,526,0.21428571428571427,1.0
2862,1326,0.0,1.0
2863,1587,0.0,1.0
2864,1843,0.0,1.0
2865,2015,1.0,0.5
2866,2203,1.0,1.0
2867,4955,0.0,1.0
2868,6354,0.0,1.0
